Image File Name,Country,State,City,Zipcode,Longitude,Latitude,Flood Name,Date Taken ,Web Link (Image),Last Accessed,Source,Web Link (Google Street View),Direct Link,Working Web Link (Image) ,Comment
location_1,US,Missouri,St Louis,63122,-90.454989,38.560877,,1/1/2016,,7/10/2026,news,"https://www.google.com/maps/@38.5610431,-90.4549343,3a,75y,201.14h,85.39t/data=!3m6!1e1!3m4!1soSagC2-iMmCXqYxMkuiHjA!2e0!7i16384!8i8192","https://media.cnn.com/api/v1/images/stellar/prod/160102161608-02-midwest-flooding-restricted.jpg?q=w_2709,h_1809,x_0,y_0,c_fill",https://www.cnn.com/2015/12/30/us/gallery/midwest-flooding,
location_2,US,New Jersey,Ocean City,8226,-74.623374,39.2509,,,https://ocnjdaily.com/ocean-city-to-try-bold-plan-to-rescue-flood-prone-merion-park/,7/10/2026,news,"https://www.google.com/maps/@39.2509854,-74.6232075,3a,21y,289.84h,87.43t/data=!3m6!1e1!3m4!1sxK696csxjBsp10fC455kCg!2e0!7i13312!8i6656",https://ocnjdaily.com/wp-content/uploads/2026/05/1.4-Merion-Park-flooding-800x600-1.webp,https://ocnjdaily.com/things-to-do/ocean-city-gearing-up-for-next-phase-of-merion-par/,
location_3,US,Texas,Houston,77031,-95.479941,29.676048,,8/27/2017,https://www.newsherald.com/news/20170827/deadly-flooding-underway-in-houston-and-expected-to-worsen,7/10/2026,news,https://urldefense.proofpoint.com/v2/url?u=https-3A__goo.gl_maps_uCDHE75UqTjci54K7&d=DwMFaQ&c=u6LDEWzohnDQ01ySGnxMzg&r=0ZnyPBtdARy0C8-CWUCLvGQB0jDkYwmQc5OOUkCP3Ss&m=qWiEww6PLZGONFLFe9OWvIp5eqoME0A2lfX8f84e96I&s=jVEpcNCwdF3Noieyk5ORgV7mTnTZwDdMFU3Fs6og9rM&e=,"https://media-cldnry.s-nbcnews.com/image/upload/t_fit-560w,f_avif,q_auto:eco,dpr_2/newscms/2017_34/2134036/170827-hurricane-harvey-se-111a.jpg",https://www.nbcnews.com/storyline/hurricane-harvey/hurricane-harvey-houston-hit-catastrophic-flooding-n796341,
location_4,US,Missouri,St Louis,63102,-90.182221,38.629754,,5/4/2017,https://www.youtube.com/watch?v=kajq9v6M2vo,6/18/2026,youtube,"https://www.google.com/maps/@38.629769,-90.1823744,3a,75y,115.76h,80.73t/data=!3m6!1e1!3m4!1sWGJYfhf1-rn7G_lS-KeNqA!2e0!7i13312!8i6656",video,,
location_5,US,Florida,Naples,34102,-81.792646,26.154355,,8/25/2017,https://www.naplesnews.com/story/weather/2017/08/25/collier-county-road-closures-and-how-avoid-flooded-areas/601684001/,6/18/2026,news,"https://www.google.com/maps/@26.1542081,-81.7926013,3a,49.2y,7.49h,84.59t/data=!3m6!1e1!3m4!1smW_zCc7d9I8Uyjoc8Hb0jw!2e0!7i13312!8i6656",https://encrypted-tbn1.gstatic.com/images?q=tbn:ANd9GcT-46mey5jaTVU63Bu943PUaubtlSxJfUCufdb9Ls6boFcLKzeN,,
location_6,US,New Jersey,Sea Isle,8243,-74.96396,39.155733,,9/9/2018,https://seaislenews.com/sea-isle-warns-coastal-flooding-strong-winds/,6/18/2026,news,"https://www.google.com/maps/@39.1558812,-74.6941175,3a,19.3y,138.74h,87.83t/data=!3m6!1e1!3m4!1sej_zHS315l1fclUZ_vv_EQ!2e0!7i13312!8i6656",https://seaislenews.com/wp-content/uploads/2026/05/1.4-Flooding-Sea-Isle-1.webp,https://seaislenews.com/news/2018/sep/09/sea-isle-warns-of-coastal-flooding-strong-winds/,
location_7,US,Texas,Houston,77096,-95.469351,29.671466,Hurricane Harvey,8/30/2017,https://www.houstonchronicle.com/business/real-estate/article/Harvey-s-rampage-puts-local-home-closings-in-12162447.php,6/18/2026,news,"https://www.google.com/maps/@29.6715236,-95.469153,3a,19y,248.02h,87.73t/data=!3m6!1e1!3m4!1sDr_OM-Aglm5I4QwvhCCM6w!2e0!7i16384!8i8192",https://s.hdnux.com/photos/65/37/41/14022723/6/960x0.webp,,
location_8,US,California,Hopland,95449,-123.116557,38.97127,,2/27/2019,https://mendovoice.com/2019/02/evacuation-warning-ordered-for-russian-river-area-of-ukiah-and-hopland-also-along-the-navarro-in-elk/,6/18/2026,news,"https://www.google.com/maps/@38.9713431,-123.116353,3a,45.7y,256.02h,88.33t/data=!3m6!1e1!3m4!1sdJDA_ivKU8I0Pa-FiyBoiA!2e0!7i13312!8i6656",https://encrypted-tbn2.gstatic.com/images?q=tbn:ANd9GcT0bO-bb0fk0PocI9qnyl5hs5xpMX3Cav2t_esTWDt9IMbBLpa3,,
location_9,US,Florida,Hancock,33990,-81.92501,26.652623,,8/19/2018,https://www.winknews.com/2018/08/19/heavy-rain-causes-localized-flooding-in-cape-coral/,6/18/2026,news,"https://www.google.com/maps/@26.6524307,-81.9250694,3a,55.2y,356.51h,93.64t/data=!3m6!1e1!3m4!1ssC9TlOEhiJCv1GGm8nLhfQ!2e0!7i13312!8i6656",https://bloximages.chicago2.vip.townnews.com/winknews.com/content/tncms/assets/v3/editorial/8/04/80439ea3-c818-59a0-9a9c-e0efba15ccd6/67effea54ccf5.image.jpg,,
location_10,US,Kentucky,Brodhead,40409,-84.414844,37.402735,,12/1/2019,https://foxlexington.com/news/local/brodhead-fire-dept-battles-flash-flooding-in-front-of-station-while-responding-to-calls-f,6/18/2026,news,"https://www.google.com/maps/@37.4026136,-84.4146307,3a,34.1y,297.6h,89.54t/data=!3m6!1e1!3m4!1sV3eC9uWPFcctucycRTvmdQ!2e0!7i13312!8i6656",https://fox56news.com/wp-content/uploads/sites/24/2019/12/79830769-9cf2-4ee0-ba17-e96b0685e26c-BRODHEADFLOODPIC-2.jpg?w=810&h=455&crop=1,,
location_11,US,Missouri,Arnold,63010,-90.35618,38.451909,,5/4/2017,https://www.stltoday.com/news/local/govt-and-politics/faced-with-flood-forecasts-congress-struggling-to-re-up-national/article_66d5d1ee-c4ad-5832-ad14-f5ec66a71d94.html,6/18/2026,news,"https://www.google.com/maps/@38.451805,-90.3563329,3a,15.8y,40.89h,83.25t/data=!3m6!1e1!3m4!1sE13GHQv9XK0GzI_TMv2_zA!2e0!7i13312!8i6656",https://bloximages.newyork1.vip.townnews.com/stltoday.com/content/tncms/assets/v3/editorial/6/b5/6b5a6433-0dba-5737-8249-d04b6901dd1d/5c89a41085618.image.jpg?resize=1200%2C868,,
location_12,US,Kansas,Osego,67356,-95.121724,37.164337,,6/18/2015,https://www.facebook.com/CityofOswegoKS/photos/pcb.879833725433137/879830025433507/?type=3&theater,6/18/2026,social media,"https://www.google.com/maps/@37.1643334,-95.121546,3a,19y,294.47h,82.86t/data=!3m6!1e1!3m4!1sI_7KVTQ3Ez5Up-n2Den_5w!2e0!7i13312!8i6656",https://scontent-den2-1.xx.fbcdn.net/v/t39.30808-6/555818813_24685378107785365_5263383859071571816_n.jpg?stp=dst-jpg_tt6&cstp=mx2048x1152&ctp=s2048x1152&_nc_cat=109&ccb=1-7&_nc_sid=127cfc&_nc_ohc=DY2lvjLKnzcQ7kNvwEXtjXp&_nc_oc=Adp0fnpA-QhaROm2Nb4txBu2WYOxyudJMgDqwn3jz9-EfUJ74M-rpTgNDRK3ZyADo9U&_nc_zt=23&_nc_ht=scontent-den2-1.xx&_nc_gid=gvgyos1SewOD9OLEkUIWKg&_nc_ss=7b2a8&oh=00_AQDORQ7pxCI1rMoXGHukjDI0jGJMV6N65LWwDDxC-bKwUQ&oe=6A5737AB,,
location_13,US,Missouri,St Louis,62002,-90.188465,38.890764,,,https://www.stltoday.com/news/local/metro/high-flood-risk-in-st-louis-area-this-spring-due/article_16315aaf-b8c6-50cc-93b2-1ad012d5949d.html?mode=nowapp,6/18/2026,news,"https://www.google.com/maps/@38.8906919,-90.1882544,3a,43.2y,311.13h,96.45t/data=!3m6!1e1!3m4!1suc9t231MjuGqxpP-25W7gg!2e0!7i16384!8i8192",,,
location_14,US,North Carolina,Fair Bluff,28439,-79.028193,34.315901,,10/11/2016,https://www.marketplace.org/2018/11/06/repeated-flooding-has-north-carolina-town/,6/18/2026,news,"https://www.google.com/maps/@34.3158454,-79.0282233,3a,50.8y,352.9h,88.77t/data=!3m6!1e1!3m4!1s55XZs5i49MgubTjAYDhmgw!2e0!7i13312!8i6656",https://img.apmcdn.org/58a1335665582b8a8c5f63c6b89626c7b2ed8f4d/uncropped/e715b8-2018-11-gettyimages-613946872-0-webp1800.webp,,
location_15,US,Texas,Tomball,77375,-95.584033,30.042703,,8/13/2018,https://communityimpact.com/houston/spring-klein/city-county/2018/08/13/harris-county-2-5b-bond-referendum-what-you-need-to-know/,6/18/2026,news,"https://www.google.com/maps/@30.0428157,-95.5840333,3a,48.7y,190.38h,87.12t/data=!3m6!1e1!3m4!1saDBymcZhRgzQLjFFOXj3dA!2e0!7i13312!8i6656",,,
location_16,US,Missouri,Portage de Sioux,63373,-90.340302,38.924242,,8/2/2013,https://www.nrdc.org/experts/rob-moore/what-purpose-national-flood-insurance-program,6/18/2026,NRDC,"https://www.google.com/maps/@38.9242808,-90.3403808,3a,75y,121.46h,91.44t/data=!3m6!1e1!3m4!1shs0nBsVvHr-uQ4rfeFJBFg!2e0!7i3328!8i1664",https://www.nrdc.org/sites/default/files/styles/medium_16x9_200/public/FEMA.jpg.webp?h=c6980913&itok=9HCa1h4z,,
location_17,US,North Carolina,Wilmington,28401,-77.949812,34.235339,,9/14/2018,http://www.wilmingtonbiz.com/more_news/2018/09/14/hurricane_florence_expected_to_have_major_flooding_impacts/17981,6/18/2026,news,"https://www.google.com/maps/@34.2353019,-77.9497792,3a,90y,287.33h,83.34t/data=!3m6!1e1!3m4!1swfmLPfU_o0BkdgmjOM5DVg!2e0!7i13312!8i6656",https://wilmingtonbiz.s3.amazonaws.com/hfspencer1%2Ejpg,,
location_18,US,Texas,Houston,77024,-95.540804,29.755146,,7/27/2018,http://houston.culturemap.com/news/city-life/07-27-18-houston-flooding-app-track-real-time-transtar/,6/18/2026,magazine,"https://www.google.com/maps/@29.7550555,-95.5406843,3a,24.1y,290.25h,88.91t/data=!3m6!1e1!3m4!1siUFUtU4Y0VRHQC8WmlFNEQ!2e0!7i16384!8i8192",https://houston.culturemap.com/media-library/hurricane-harvey-flooding-in-houston.jpg?id=31490550&width=2000&height=1500&quality=50&coordinates=0%2C0%2C0%2C0,,
location_19,US,Louisiana,Pearl River,70452,-89.776401,30.431063,,,https://www.facebook.com/photo.php?fbid=10153288571802163&set=bc.AbodGL5D283aphtGcF74GQW_zQZfYo7GDv-yyLV55ihwokQxA5xly-pUayLPMuyeby0hkI4Y6KzfBkbQ3ASxaq7O42hl8OG5gC8k4jGUfo4UrbFht2X4xDb1JYNxskBocyZOiqp0icgPo0nU6-rWA7rb&type=1&opaqueCursor=AbqdTkjCz8_or0cDoqsKdAgW-r7tzZwRPVBXZ2oCGq6U6AB3sMf9rG9nWdofaGzm7GkXCmOimpYEqy2axh9EpMfprMbWbKU2_4F-8HrurxD71QP_zkKHC5KUW9A8wx34PXkiEzH5F5kyzpjKCXWGR1sIRLXjHRWYg2F-II2ZBSha4dMfWtO4NQr0WRvTlrcn3z6QHVcKEujnQnJetqhpw4iHY-pktALzXmxYiOoKA-DpXRKufGNN1P73EQQTd5hXTzQ3mV_RyGgVyEXcBJ4LzOjB2Brn3uVw8o-orqikExYYw94PNa35k4kLbvEJUUWta3xD38JlGNn2-DqS5pjw3ozJV-NSMK1JKhS70c9C-sNqMzlJjQjDQN1J50ft_xwHXuGkibx-PQSnoem8C9ce_Xsl066vAAdrxBWdOI9d6izK4umuYbhwG2g77rZSr13Jneq1N786UGyUc2zPoWr4HxeD277sn1XbSwlzXikCHGGmnA&theater,,,"https://www.google.com/maps/@30.4309666,-89.7764348,3a,75y,1.72h,86.62t/data=!3m6!1e1!3m4!1sxpF7fFtXkTc4Pb6yKIH48g!2e0!7i16384!8i8192",,,
location_20,US,Texas,San Antonio,78238,-98.617005,29.499608,,5/25/2013,https://www.facebook.com/LeonValleyFire/photos/bc.Abqte53ZITfVxvEy-es1xaxXcdgwsiDSv83uF2soWWyxkQHSOOUIFmWdpSl8H5Kz41jnuGUwOWgCX0r0SFlC3rb9LXmsyIbDp9SCD2aui-JyQ50YjGpyjZ209yAMQljAVPLUvPFBcUFKrtiTeeFdnMTU/181419405350193/?type=1&opaqueCursor=Abouw-sJkIBuyyBzpAaY5-Yd6C1iWrTHfsYvlFQYu6Yvl3dIIXnjc0GeAh4tH7VWfRvqG0e2nzCx8XQpngNwYgtUUchEs5sBwudc9wTHdYmaVKVsyEJhrUo4cFVXI4psfJA5yrhky5mu21ZTMbzLktdo6Cn5CHPn2MKKhFzZkaG1THgstxXtK0cq_YaP1GGEAAi3YfxgNpHC5NeY2btW2mUDNhGglcxDRg3BXHVLNIi25M_ra69Myfevsr9jiwQD8FOCaAMFqPoxZ7X7vCHwxFPUokLlMrrAfLzWjjgQrV5NxwdsSldimdS7OEhcYXl967haVpTNLIFNR0wfdy9drFv4lqKwIFToRJDyA7UzS0rE43BH87A8bMQyYLTxzJHI0mL_FbGwf2wKG4VhhqokOYjruT48VH1YG4iCR32_VSkluFQhF1k9rgWiee2QOzT6D-WITdMd_Or9rTlR4tqYhnv6Kc2Vxjzai-OQulNoqDZAqCagOOlbnPY0Pyl0Ta_FL5IpsgSDQw5fYxY8Q8u9KKnvLp8w2BkA0TK7VtRV4fLIpHl4zKoytaA_wEpwqywEqPZB31RDQRlrdfUi39Bx4jim&theater,6/18/2026,social media ,"https://www.google.com/maps/@29.4997569,-98.6171667,3a,40.1y,154.57h,89.15t/data=!3m6!1e1!3m4!1smewQELw_Alh8FhBYoH0a-Q!2e0!7i16384!8i8192",https://scontent-den2-1.xx.fbcdn.net/v/t39.30808-6/491965392_3050784405080331_2048664356437699629_n.jpg?stp=dst-jpg_tt6&cstp=mx2048x1365&ctp=s2048x1365&_nc_cat=105&ccb=1-7&_nc_sid=0b6b33&_nc_ohc=N23RknWpNWcQ7kNvwESxIPZ&_nc_oc=Adpxi7bkffW_SavAQWMY5RGzowQN3l_9NsLzKKy_Durh_elZty6dQ90W-5X8BqXC3j-7J2eASzIpxJ02JvgDP-JV&_nc_zt=23&_nc_ht=scontent-den2-1.xx&_nc_gid=7y9KqWphjtzUaVWVx43P3Q&_nc_ss=7b2a8&oh=00_AQBhFqp12_L9GWjUabMJ8oNRAeMN8loVNnWZn_n8BlvrOA&oe=6A50DD29,,
location_21,US,Michigan,Ann Arbor,48103,-83.753502,42.241472,,,https://www.facebook.com/photo.php?fbid=10155645628270304&set=pb.794690303.-2207520000..&type=3&theater,,,"https://www.google.com/maps/@42.241547,-83.7537009,3a,20y,119.59h,89.62t/data=!3m6!1e1!3m4!1svRbAuHf9uR50LdFHrhunDQ!2e0!7i16384!8i8192",,,
location_22,US,Tennessee,Lebanon,37087,-86.292323,36.209312,,5/2/2010,https://www.facebook.com/photo.php?fbid=1272298043572&set=bc.AbrkI3GfAQ5MNGsFoCgtv2XSFzQFPyvOO9ank2BZl49-rhnnTP0RLDfz_qJ6lPp42x6IMLg-slvKYN1qPKd1GeXVIYm-5dBbDQCCmKRQflDmPZNRFErWtseOgB1T0WQBJ2p2TZh8ZDlw8si4P1EMSzGL&type=1&opaqueCursor=Abqsp8QwebMOLrfl1yIjBN6B8OVlHMQKCS3UihFPXom3a5Ic30D9sG6fm5H2ol3fOvg1w3BkvWyZmu2WRpK-B26v6x5d9BuntE4oPuaVYKQd6oARdmkNCm2VnqvcMxXx5RcLo2QfwfhAmyF7W-u3ICcOahPk7DbeowChZ-j0kNjb48SsaVL-ptJiPSFLRBLwkScUPhcp8T9PnLbXFBH0KnTOof7wF_vV_MwLhOUX9PFU7jSf-_j316Keu9GjKadOljzgpr9k0Muil5mk7x4WYe3-r85CamWvCtjNjl13YhepT0P1eza9S-tLX4mA-kLVfbjEJQa_eZSlzWGnXdRWSg5eKWKRkQPrztCnYl5NzJVFRHo4khhk325chW55ZLQAW7f6Bzkj7QBTPnjAzv3mo4TFAemvKq_WzroPppz7iWHT-nJoPTXcaZScR8fOL7LY3Ohlyq93tBz_RNM1KYLz-D5rHfshuK_hO5dxefMZLFGr5Y39d5lXm7YXdlqXKCd8D0_PHBPvqhHmJS0KNatytjCcZ1LaaE7GSurq2LnAABsVyA&theater,7/5/2026,social media ,"https://www.google.com/maps/@36.2094714,-86.2922656,3a,25.1y,193.05h,87.57t/data=!3m6!1e1!3m4!1szkUxD12khTKh8JfyEqc2Wg!2e0!7i13312!8i6656",https://scontent-den2-1.xx.fbcdn.net/v/t39.30808-6/506399918_10227104717299836_8463830158194936000_n.jpg?stp=dst-jpg_tt6&cstp=mx720x540&ctp=s720x540&_nc_cat=104&ccb=1-7&_nc_sid=cf85f3&_nc_ohc=6cfQtj6hTuEQ7kNvwFZn4tz&_nc_oc=AdpUf_Dib3IC7eaIWD0GF96VciRtSbktkEMddFrHkf9TKkB6vk92m4dMiLLkVAzg5o1ZWfwb6afmJzz3TYaCKKty&_nc_zt=23&_nc_ht=scontent-den2-1.xx&_nc_gid=5fyqvWOXxPchr8zK8usunQ&_nc_ss=7b2a8&oh=00_AQDR5bRRVYPDEpHKN4bA9BVX0eeAIHuiRbB0JcmjttssBw&oe=6A50DE99,,
location_23,US,Georgia,Austell,30106,-84.640431,33.80074,,9/22/2009,https://www.facebook.com/photo.php?fbid=1172619192857&set=bc.AboO0eop5yRuqDMVIGm_ScPb9e-nUhkJCYmT8HKbGovqKOuvk8HcZS4tHanHl-Odu4UGosBJTy4XPULx0cEWzeMxfdOIXc0g-wsVOtAzseoDVPEYP4fIOVJXfKcIPajKdOnQyyzkhQPg1JVWiU5fR4Bp&type=1&opaqueCursor=AbpR6d0XQ9Ae_cuC-WovKnoTfsSkqFKxBHDrGsaYcPT2XSSaQAchw6Itwf2Hl1gFtDV6tv8gx2CTOB99USgWM8n_ZsOfJWNNIKTL2lx0UjsXybY20tLuvBbUUb8NI-A70bCAI3kgrU30Zq2ll8lPr4NjXGE2ZQorWpI4aBbeAW6tTwR1OM20tJQr8LPc4J-IiK4qCcAWZP7LND3av53q-o5G7W1TQsVxdL5SwrryluvGM5q2MnioE3EKWCw4T2uMUnBAQmwPg3w4mx_6rune6XKtWDcTREe0mdQ4nLCUyILzpUha70RoTB3KyKXFkt4vqL0PyIT_ohWHu_5HL6fM1K5MUi0S9rK7Ht_rcjGVJJ0voMbTHADWPz3TM5FKtT00OkwwdjXKUQL8laZ3u0fpKl7C9RmoqdH8DKah7zmPrBQWmHA5GDUxKv9ZyeTsyfDcaq-5x9Atf4fGugxmb6hgukK6cNHOTNSTpbn12tVe8clVVM1FnLG4gG3bKRMTUQoQQENFhPrm91GzUpdTZmf07xd0kD4mZ6Kl6dkW4qcE0w-YmnYJDiRXeeLS7PzquCmIi5w&theater,7/5/2026,social media ,"https://www.google.com/maps/@33.8008535,-84.6405077,3a,45.7y,138.5h,94.22t/data=!3m6!1e1!3m4!1sVrcQV21V0OAgSMByFGFwAA!2e0!7i13312!8i6656",https://scontent-den2-1.xx.fbcdn.net/v/t39.30808-6/458936267_10230650914513744_8149196653052519814_n.jpg?stp=dst-jpg_tt6&cstp=mx604x453&ctp=s604x453&_nc_cat=110&ccb=1-7&_nc_sid=cf85f3&_nc_ohc=3BztsQNsZrkQ7kNvwHwKcnl&_nc_oc=AdqH0aYnENPa4DWe2oryJysyNtmZ-TaxrcLnBR5onC3QDLV2d2ysvhhFZmbHuAXv5eVhMbIvy_42qtsWcNUP5AQ1&_nc_zt=23&_nc_ht=scontent-den2-1.xx&_nc_gid=_VP97upj2s_3WaGetjEXKA&_nc_ss=7b2a8&oh=00_AQBHog0EK8c7Erb0jeN_AetxjDAQAXo1AVu2aB10vnvraA&oe=6A50ECE7,,
location_24,US,North Dakota,Minot,58702,-101.291451,48.237813,,6/25/2011,https://www.facebook.com/photo.php?fbid=10150217630974212&set=bc.AbpljcSsfEtDjxnN9tu6z7E-Y7u6-eGbfjPJE48Z-WMNVcGwvMDA6ab0r1O_4DwsGRIF_3oH2cNoldwrQmVAUsPXQQ9LPY3Tw_PXIzpfoQp24JxLj5i5q6r1vT2zqsnKBkgqacmmshUf66qCNiVmeq2r&type=1&opaqueCursor=AbqcGHGhJxS5jtieGwCVCk8R5HKJekoGivU_NQHQSiVAoWdhB5q4w_ch82RAEN3HIpa9crHxE8AwgHjqUSbro0ojuIfpaLJCBcp5ap6SWR52SIi2t2xvK56RDW1cKbRMhlRuMvPN25Rkumn1p4_lLx56nMmwnKGO9wcqvTBXaety7fWgo0BKTZTQP8OSS7lAwUbqsIaRuKTFksly_e-oxBgz_wBYpWqfyBgf8yU7Qr-mUwGVJ0pd-5Pwhrz8sv6w7zQfdFsOLlnjJbKxMsYsAJ73AzelYZ9mlSic5J9Q9um41AQJPxAw665ENJfY6VWyG21RkRCcDpeIzuLd0hEQ4UPGKSt1TLrHvmfD5V_x-z88ynGPNd_Hoxr4NOyQNiYRCsRGKTLy3lZPBpX6qUC2eXRMynealfoJn8b9BCdmEfUCszWx4DW6Es75EN854eoAXjWY4-pRCOH8v3drTMr6Ol_fhzYgLwxmRZkAgIrLel-Gp5GnnR3JAuhsYE41jhWkQS94j7hrHDzWqQTXiCARLugU&theater,7/5/2026,social media ,"https://www.google.com/maps/@48.2375791,-101.2915193,3a,32.9y,14.49h,87.62t/data=!3m6!1e1!3m4!1sCoxSjDLihMs-hoVh7opJOQ!2e0!7i16384!8i8192",https://scontent-den2-1.xx.fbcdn.net/v/t39.30808-6/556103177_10161907882464212_2321991943146879023_n.jpg?stp=dst-jpg_tt6&cstp=mx816x464&ctp=s816x464&_nc_cat=105&ccb=1-7&_nc_sid=cf85f3&_nc_ohc=qGe7VQR5y6IQ7kNvwGqk_zl&_nc_oc=Ado06oxcypfTN3jPcgr3D9lkNHNfNqMx0fhPuypd3mv25A_rB8DFcSECoRom5snURsetGgAUpTGyLEQK4fjjOzXw&_nc_zt=23&_nc_ht=scontent-den2-1.xx&_nc_gid=_qZbWZeqzJsQN9VIgVN_vg&_nc_ss=7b2a8&oh=00_AQAERSiQ7nyfjv2I40ZFJMTEpanWS_F6leIcZKjlqdYGvg&oe=6A50BFDC,,
location_25,US,Texas,Houston,77096,-95.476189,29.670103,,,https://www.google.com/imgres?imgurl=https://www.dailyherald.com/storyimage/DA/20170829/news/170828789/EP/1/1/EP-170828789.jpg%26updated%3D201708291906%26MaxW%3D800%26MaxH%3D800%26noborder&imgrefurl=https://www.dailyherald.com/news/20170829/suburban-natives-in-houston-describe-surreal-flooding-&h=800&w=600&tbnid=sz7o59kXngkdxM&tbnh=259&tbnw=194&usg=AI4_-kRvCnPzgOFTsWdZNVdmaVRizqo7dA&vet=1&docid=DgFFqbymfaKLrM&itg=1&hl=en,6/18/2026,google images,"https://www.google.com/maps/@29.6699987,-95.4761462,3a,45y,309.29h,90.34t/data=!3m6!1e1!3m4!1suKndKowXo-cX57Z_zJVy_A!2e0!7i16384!8i8192",,,
location_26,US,Florida,Lehigh Acres,33971,-81.747536,26.628615,,9/12/2017,https://www.app.com/story/opinion/readers/2017/10/05/harvey-irma-superstorm-sandy-jersey-shore-fema-flood/106323666/,7/10/2026,news,"https://www.google.com/maps/@26.62872,-81.747454,3a,40.8y,195.79h,88.9t/data=!3m6!1e1!3m4!1sraM_ojqFn7iY7uPOxqOXdA!2e0!7i13312!8i6656",https://www.washingtonpost.com/rf/image_960w/2010-2019/WashingtonPost/2017/09/12/Health-Environment-Science/Images/Hurricane_Irma_32320-1b367.jpg,https://www.washingtonpost.com/news/monkey-cage/wp/2017/09/12/you-might-think-that-living-through-a-hurricane-will-change-peoples-minds-about-global-warming-not-so-much/,
location_27,US,Iowa,Iowa city,52242,-91.540762,41.665818,,9/14/2020,https://stories.uiowa.edu/innovations-abound-iowa-flood-center#Flood2008-12,7/10/2026,magazine,"https://www.google.com/maps/@41.6659807,-91.5408,3a,34.8y,151.38h,86.2t/data=!3m6!1e1!3m4!1sd3bTOsnQdo1hbJYxbiHt8Q!2e0!7i16384!8i8192",https://encrypted-tbn0.gstatic.com/images?q=tbn:ANd9GcQbtPmjOfwYiJw5tnuCKvP3gHCWvPxvOcGmH0bAcAOPsig1grz_,https://www.riveraction.org/sites/default/files/eddy_nov23.pdf,
location_28,US,South Calorina,Charleston,29401,-79.945441,32.778015,,9/10/2017,https://www.postandcourier.com/news/residents-asking-feds-to-investigate-charleston-for-failure-to-protect/article_1f8b1786-8e80-11e8-bb5e-5f4152cd6a01.html,6/18/2026,news,"https://www.google.com/maps/@32.7781231,-79.9454118,3a,43y,179.59h,89.91t/data=!3m6!1e1!3m4!1sSN_LbdUJUbIEjRvaCDwp1Q!2e0!7i16384!8i8192",https://bloximages.newyork1.vip.townnews.com/postandcourier.com/content/tncms/assets/v3/editorial/a/18/a1818170-8e9f-11e8-b6d9-634603f71ca8/59b5911a61856.image.jpg,,
location_29,US,North Carolina,Carolina Beach,28428,-77.89528,34.031137,,9/17/2018,https://www.claimsjournal.com/news/national/2019/03/18/289823.htm,6/18/2026,news,"https://www.google.com/maps/@34.0312505,-77.8954178,3a,49.1y,105.87h,90.3t/data=!3m6!1e1!3m4!1sNSrwC_URPLwPVCU95H1FLA!2e0!7i13312!8i6656",https://www.claimsjournal.com/app/uploads/2019/03/users_iqjWHBFdfxIU_iMOxO_.ltDJw_v0_piFq5T3pJF0qzS8rF9LjsWaQ_-1x-1.jpg,,
location_30,US,Minnesota,Moorhead,56562,-96.776643,46.872937,,8/8/2014,https://serc.carleton.edu/details/images/48007.html,6/18/2026,SERC - Research Center,"https://www.google.com/maps/@46.8728151,-96.7765562,3a,41.3y,316.54h,86.45t/data=!3m6!1e1!3m4!1s3RZ8QiDRjgb283e5_Mnp8Q!2e0!7i13312!8i6656",https://cdn.serc.carleton.edu/images/integrate/teaching_materials/energy_and_processes/flooded_street_sign_moorhead.v6_650.webp,,
location_31,US,New Jersey,Paterson,7501,-74.168267,40.921681,,7/30/2011,https://www.gettyimages.ie/detail/news-photo/stop-sign-stands-at-the-flooded-intersection-of-paterson-news-photo/123089766,6/18/2026,getty images,"https://www.google.com/maps/@40.9217466,-74.1683803,3a,74.5y,92.71h,94.89t/data=!3m6!1e1!3m4!1srNfBZMrgPQiReluIuvYGCg!2e0!7i16384!8i8192",https://media.gettyimages.com/id/123089766/photo/cresting-flood-waters-continue-to-threaten-areas-of-new-jersey.jpg?s=2048x2048&w=gi&k=20&c=HcDu1aPL0IraCvMW1EDm6N5wN3JnY-lCQUabiPPLqjI=,,
location_32,US,South Carolina,Charleston,29403,-79.952409,32.791174,,11/2/2018,https://twitter.com/Live5News/status/1058280067321733120,6/18/2026,social media ,"https://www.google.com/maps/@32.791212,-79.9524595,3a,73.3y,59.65h,93.18t/data=!3m6!1e1!3m4!1sj4j2tKrM_TvOMN2B4S-Hnw!2e0!7i16384!8i8192",https://pbs.twimg.com/media/Dq_EHLjWoAAsjag?format=jpg&name=medium,,
location_33,US,Alabama,Atmore,36502,-87.490409,31.014382,,6/15/2017,http://www.northescambia.com/2017/06/page/16,6/18/2026,news,"https://www.google.com/maps/@31.0143263,-87.4902563,3a,28.6y,285.66h,88.84t/data=!3m6!1e1!3m4!1s5VluBDiiZLigAi8ddnlq-Q!2e0!7i13312!8i6656",http://www.northescambia.com/wp-content/uploads/2017/06/atmoreflood12-540x314.jpg,,
location_34,US,Minnesota,Willmar,56201,-95.055046,45.114608,,6/11/2010,https://www.wctrib.com/news/332599-thunder-storm-rainfall-once-again-floods-southwest-willmar-streets,6/18/2026,news,"https://www.google.com/maps/@45.1145559,-95.0552329,3a,29.6y,49.1h,86.5t/data=!3m6!1e1!3m4!1suVIEj3p6djeqDwrygzHntA!2e0!7i16384!8i8192",https://cdn.forumcomm.com/dims4/default/57f078e/2147483647/strip/true/crop/3264x2176+0+136/resize/1680x1120!/format/webp/quality/90/?url=https%3A%2F%2Ffcc-cue-exports-brightspot.s3.us-west-2.amazonaws.com%2Fwctrib%2Fbinary%2Fcopy%2Fdc%2F95%2Fb7a509cf04c3eef5efd5d09f4f71%2F58569-img-0301web-binary-3593303.jpg,,
location_35,US,Tennessee,Clarksville,37044,-87.363287,36.522718,,5/3/2010,https://www.shutterstock.com/image-photo/clarksville-tn-may-4-cumberland-river-52376932,6/18/2026,shutter stock,"https://www.google.com/maps/@36.5226488,-87.3631469,3a,26.3y,307.18h,83.91t/data=!3m6!1e1!3m4!1sTOQXp3XUzAMt4TzxRn34qw!2e0!7i16384!8i8192",https://www.shutterstock.com/shutterstock/photos/52376932/display_1500/stock-photo-clarksville-tn-may-the-cumberland-river-rises-after-two-days-of-rainfall-may-in-52376932.jpg,,
location_36,US,Florida,St Marks,32355,-84.20355,30.15471,,10/19/2019,https://www.tallahassee.com/picture-gallery/news/2019/10/19/tropical-storm-nestor-floods-st-marks-downtown/4036014002/,6/18/2026,news,"https://www.google.com/maps/@30.1548292,-84.2035304,3a,54.6y,165.94h,89.45t/data=!3m6!1e1!3m4!1srGuGk4vOeUddn8gKJQaItA!2e0!7i13312!8i6656",https://www.tallahassee.com/gcdn/presto/2019/10/19/PTAL/2b46b958-ad4a-43a3-b1c2-f07f76f42670-St_Marks_Nestor033.JPG?width=1320&height=882&fit=crop&format=pjpg&auto=webp,,
location_37,US,Kentucky,Covington,41071,-84.506947,39.090957,,2/15/2020,https://www.wlwt.com/article/ohio-river-hits-highest-point-saturday/30947126#,6/18/2026,news,"https://www.google.com/maps/@39.0909607,-84.5069966,3a,43.5y,356.5h,89.32t/data=!3m6!1e1!3m4!1s3Bql-Csx01yx8ONmAuWhXg!2e0!7i16384!8i8192","https://kubrick.htvapps.com/htv-prod-media.s3.amazonaws.com/images/covington-1581810890.jpg?crop=1.00xw:0.750xh;0,0.0457xh&resize=900:*",,
location_38,US,Oklahoma,Oklahoma city,73118,-97.527551,35.507744,,8/25/2017,https://oklahoman.com/article/5561551/live-oklahoma-severe-weather-updates,6/18/2026,news,"https://www.google.com/maps/@35.5075307,-97.5276104,3a,17y,21.08h,85.9t/data=!3m6!1e1!3m4!1sPq-3-04cWVc3E4Jcm7-Gww!2e0!7i13312!8i6656",,,
location_39,US,Wisconsin,Bellevue,54115,-87.995179,44.453132,,,https://www.browncountywi.gov/community/flooding-in-brown-county/general-information/,6/18/2026,government,"https://www.google.com/maps/@44.4532782,-87.9953271,3a,33.3y,132.95h,81.82t/data=!3m6!1e1!3m4!1skdRTFhzUHrJg5Sdq-AboWA!2e0!7i13312!8i6656",https://www.browncountywi.gov/i/f/Flood-Resources/IMG_0264%201920x468.jpg,,
location_40,US,Illinoise,Chester,62233,-89.821687,37.896133,,5/2/2017,https://stormwall.org/videos/watch/qPxKjUZocw8,7/10/2026,youtube,"https://www.google.com/maps/@37.8961776,-89.8215905,3a,41y,222.02h,83.43t/data=!3m6!1e1!3m4!1segsw13SGZG8Nte9Cbyq4_w!2e0!7i13312!8i6656",video,https://www.youtube.com/watch?v=qPxKjUZocw8,
location_41,US,Illinoise,Chester,62259,-89.833799,37.904368,,,https://stormwall.org/videos/watch/qPxKjUZocw8,,,"https://www.google.com/maps/@37.9043092,-89.8334323,3a,15y,276.57h,85.93t/data=!3m6!1e1!3m4!1sSAg0OaxaNonqY2tsC5heoA!2e0!7i13312!8i6656",,,
location_42,US,Georgia,Atlanta,30327,-84.429239,33.821872,,12/28/2018,https://www.shutterstock.com/image-photo/atlanta-georgia-december-28-2018-water-1269338491,6/18/2026,shutter stock,"https://www.google.com/maps/@33.8217607,-84.4292625,3a,44.2y,7.14h,85.67t/data=!3m6!1e1!3m4!1s4-NDkd0Xr-YyDiI7DRpGag!2e0!7i16384!8i8192",https://www.shutterstock.com/shutterstock/photos/1269338491/display_1500/stock-photo-atlanta-georgia-december-water-overruns-the-intersection-of-bohler-road-and-hannover-1269338491.jpg,,
location_43,US,Texas,Lumberton,77657,-94.196039,30.243692,,6/2/2016,https://www.beaumontenterprise.com/news/weather/article/Flood-advisories-issued-in-4-SETX-counties-7959261.php,6/18/2026,news,"https://www.google.com/maps/@30.2436455,-94.1959914,3a,60y,276.4h,80.71t/data=!3m6!1e1!3m4!1sYW2ZFRx7VAGI5Khs3Iuxgw!2e0!7i13312!8i6656",https://s.hdnux.com/photos/46/65/02/10178701/4/960x0.webp,,
location_44,US,Louisiana,Walker,70785,-90.874514,30.480547,,7/7/2018,https://www.livingstonparishnews.com/opinion/opinion-mchugh-david-we-ve-learned-from-the-flood-we/article_1a81d516-9a8f-11e8-9908-67481b292171.html,6/18/2026,news,"https://www.google.com/maps/@30.4806117,-90.8744568,3a,75y,205.4h,85.39t/data=!3m6!1e1!3m4!1sy9BQFNuFc5039n65T93RZg!2e0!7i3328!8i1664","https://www.livingstonparishnews.com/stories/opinion-mchugh-david-weve-learned-from-the-flood-we-cant-stop-now,30920",,
location_45,US,Texas,Houston,77079,-95.605619,29.764842,,8/31/2017,https://www.theguardian.com/environment/climate-consensus-97-per-cent/2017/sep/08/study-mild-floods-are-declining-but-intense-floods-are-on-the-rise,6/18/2026,news,"https://www.google.com/maps/@29.7648746,-95.6055861,3a,49y,193.93h,80.36t/data=!3m6!1e1!3m4!1sxlKnUoN9CS1etHVg5JhECw!2e0!7i16384!8i8192",https://i.guim.co.uk/img/media/cf05d3548cccc9d85ad273e42ce2d26f54b9ad81/0_86_3000_1800/master/3000.jpg?width=620&dpr=2&s=none&crop=none,,
location_46,US,Texas,Houston,77028,-95.262427,29.846037,,8/1/2017,http://www.themunicipal.com/2019/09/texas-applies-lessons-from-harvey-toward-recovery-and-flood-mitigation-planning/,6/18/2026,magazine,"https://www.google.com/maps/@29.8461054,-95.2625313,3a,41.5y,112.64h,87.21t/data=!3m6!1e1!3m4!1sdhuM0r0J6pA0EU5QnkJwOg!2e0!7i13312!8i6656",https://www.themunicipal.com/wp-content/uploads/2019/09/Untitled-3.jpg,,
location_47,US,New York, Brooklyn,11206,-73.946792,40.702772,,7/22/2019,https://greenpointers.com/2019/07/23/williamsburg-streets-flooded-during-mondays-heavy-rain/,6/19/2026,news,"https://www.google.com/maps/@40.7026272,-73.9467234,3a,15y,334.44h,86.46t/data=!3m6!1e1!3m4!1sXdIy09Ea-ji9C_YzJK5j1A!2e0!7i16384!8i8192",video,,
location_48,US,Pennsylvania,Derry Township,17821,-76.674972,41.042508,,7/24/2018,https://www.dailyitem.com/news/update-heavy-rain-thunderstorms-to-drench-soaked-valley-again-on/article_d713dc5a-8f64-11e8-9bd8-0301e7544d1a.html,6/19/2026,news,"https://www.google.com/maps/@41.0425666,-76.6750844,3a,40.7y,137.44h,81.73t/data=!3m6!1e1!3m4!1smGgBZPRSc1JRJLDiC-Zqkg!2e0!7i13312!8i6656",https://bloximages.chicago2.vip.townnews.com/dailyitem.com/content/tncms/assets/v3/editorial/b/d3/bd3ac909-bb3e-59a6-ae91-48117539b119/5b57c76d78e93.image.jpg,,
location_49,US,Texas,Dallas,75207,-96.825785,32.780069,,,https://www.facebook.com/LoneStarWeatherCenter/photos/bc.AbqcEYlZdWTw1u8i3KsV1-Yh3lDGs-mp8CEis8vw6dzlEZOaYS6MBTurYqJ2E42q0nnIT1l0lhANC0x2eW8j0HpAPDgZrA4ADgeaMdx7XHMJYRw1Acao-j3zAQzsA4qfRy6bUFCrzzpgOCSbYiusxL2E/776303082468361/?type=1&opaqueCursor=AbrWa39iiIv67wiL52obCXwPWJEYq3B4MuIGVecRgTVH46i6rSazE2DqIqdami-pqdwqd-xioqIWJWVlwBmJOMoO7ZDvwrEU3fo0V0z-m3M04jYQCj4vCnGJZzAm1H238z-iuf3_FBfC0Sb6tz3J8-M7uhhcWUS4bjszBmvktI2uEX5wW23yYAogjvaJ8cop2goJ6Ccz6a9fnRXzYxtDq_a6cDA7V09wSIekcAgQ2w86MmvWfKf8eTRc0Vegf1UKLBECVp41kn1GOzjpotvWi4sWvmVC-lz4L9YYuHhN2LUBcn1HOaAEUxnxDv0ATTQTzmCYYAFmZB1cRZRaFny_US22t_96XQJKRW6fWucwEVl1S-Vns-zycd1ohIadDZHMz9cd-1nH9auGSnl9nLB7zTf-7kTopO_gKRIYR06rNAAjhHMO1tpZcjyySBJPFQI_HWs6dJ9pOVPY-dpB8sB1lgyooDg5nd0a6bjPaP60x-uGyRXZO_3wRfEeXFXWsNi8SIgsYSC5TvY9cffO_ckSM4Yi9otDPpvaqa0Zu5u0Cdqtq0fUOoddmiaqBueJQyFN8wXo45srmjzigmT7aghXqysK&theater,6/19/2026,social media ,https://www.travelingmom.com/free-texas/free-things-to-do-in-dallas-with-kids/,,,https://www.facebook.com/BrianCurtisJournalist/photos/bc.Abr6V7lCXp70b7CpT-LIB-MuICbbwO5wP8UoFw_QwuPRi1yOQR5pK0nhNKNvZSKlkHpdHaEtsJ15KPw5Zd4DcQ9xQtdSeIzlDkRnO5xyCufhFO9QLz-HU8pBbMjBVuvkt3JlifNOwA8A9bDkTeNSCgy7/942983399098349/?type=1&opaqueCursor=AbqKRivoKS5FkMuoUNCELXTkZ_MBNTHWyE_EL8NAcDeMpQXmaca-1lmWLpNRNf4H2REFbx-W-k4sHqd3EO6hY8fj5r-U_FVu0FxJ82Unf-__OKPcMfl_8k4Ey_Y3NS1qiAWGeM9FQ3M1mnZjjU3LDTRnRpnqaR3h5nuAPLV8RTIORqLoxoMyIKHzWQPEz-CS--SoI0-As8TQi81Z_UlKF54l_GsagkNwv3PKDRmHmzbYW6RnoIAvZOl8vEwP1nAT1vzSx26DK1PFNnktsa0zBOeKlb5VVWoam1T4gvilR5GGEvs2aDzw6k4B0FxN7ZgEzaMqv703O4fnUUQdzWZP89_RDTIPeDv42DmzW79xHP5sLMbJrDNRPqRwI0HxIeg3N-FkYGC46g6LUG9JpFgr7EqXIgB5zDEjYibqCONxMmQOtzLgOPzXzzoVEnfJz94tXO8v3IMJ7P11SkuZVaWOFPDM&theater
location_50,US,Virginia,Norfolk,23510,-76.293882,36.855453,,,https://www.pilotonline.com/weather/article_469e4cab-e2ae-5c17-9afe-cfcbdcf338ed.html,6/19/2026,news,"https://www.google.com/maps/@36.8554455,-76.2939865,3a,75y,71.6h,90t/data=!3m7!1e1!3m5!1s4vINWzVFkcwgia7PYdjwIA!2e0!6s%2F%2Fgeo2.ggpht.com%2Fcbk%3Fpanoid%3D4vINWzVFkcwgia7PYdjwIA%26output%3Dthumbnail%26cb_client%3Dmaps_sv.tactile.gps%26thumb%3D2%26w%3D203%26h%3D100%26yaw%3D67.42382%26pitch%3D0%26thumbfov%3D100!7i13312!8i6656",,,
location_51,US,Kentucky,Hopkinsville,42240,-87.510129,36.837091,,,https://whopam.com/2019/02/23/heavy-rain-causes-flooding-issues/,6/19/2026,news,https://goo.gl/maps/GaHqgC3ejc7UCsiL7,,,
location_52,US,Kansas,Oswego,67356,-95.121626,37.164353,,6/18/2015,https://www.facebook.com/CityofOswegoKS/photos/a.113527505397100/879830552100121/?type=3&theater,6/19/2026,social media,"https://www.google.com/maps/@37.1643324,-95.1215442,3a,75y,281.68h,82.33t/data=!3m6!1e1!3m4!1sI_7KVTQ3Ez5Up-n2Den_5w!2e0!7i13312!8i6656",https://scontent-sea5-1.xx.fbcdn.net/v/t39.30808-6/555553619_24685378414452001_2654453205270003778_n.jpg?stp=dst-jpg_tt6&cstp=mx2048x1152&ctp=s2048x1152&_nc_cat=107&ccb=1-7&_nc_sid=127cfc&_nc_ohc=uaBy8q8qHHgQ7kNvwFmuN4T&_nc_oc=AdpAmb2AWxS6lg_Foim_DhLeZYAFEAkR8Lr83pBglU61C7cOcHVAb3NYhV1I7EL3hMhQtSeE32OWNFfbOED4aaS4&_nc_zt=23&_nc_ht=scontent-sea5-1.xx&_nc_gid=a0Sx60km6pAOq_EiRLz9Kg&_nc_ss=7b2a8&oh=00_AQFylSjdNtFwHdrR4UzDEr4Q-3IIx84LWEf2dkLIOkciYA&oe=6A8E83A3,,
location_53,US,Mississippi,Vicksburg,39183,-90.850925,32.412881,,3/1/2019,https://ktar.com/story/2469179/phoenix-area-volunteers-head-to-flooded-south-for-disaster-recovery/,6/19/2026,news,"https://www.google.com/maps/@32.41285,-90.8509185,3a,75y,30.13h,79.15t/data=!3m6!1e1!3m4!1srjJHJ0HK_xybJzOGX3UzCA!2e0!7i13312!8i6656",https://cdn.ktar.com/ktar/wp-content/uploads/2019/03/flooding-mississippi-2019-ap.jpg,,
location_54,US,Michigan,Midland,48667,-84.2471229,43.613231,2020 Flooding,5/21/2020,https://www.the-sun.com/news/864761/michigan-governor-begs-trump-help-500-year-flood/,6/19/2026,news,"https://www.google.com/maps/@43.613231,-84.2471229,3a,34.8y,247.36h,85.2t/data=!3m6!1e1!3m4!1s8rclcRLRWN8p5XRAMFLZqQ!2e0!7i13312!8i6656","https://www.the-sun.com/wp-content/uploads/sites/6/2020/05/NINTCHDBPICT000584223522.jpg?resize=2048,1345&quality=90&strip=all",,
location_55,US,Missouri,Corning,64446,-95.45583333,40.24916667,,12/6/2017,https://www.insurancejournal.com/news/national/2017/12/06/473276.htm,6/19/2026,news,"https://www.google.com/maps/@40.2492976,-95.4558835,3a,75y,329.09h,93.21t/data=!3m6!1e1!3m4!1sCKoNaW-I3ypqUNGk3x-cxA!2e0!7i3328!8i1664",https://www.insurancejournal.com/app/uploads/2016/11/flood-768x511.jpg,,
location_56,US,Wisconsin,Madison,53704,-89.3610349,43.0893453,,,https://wolx.radio.com/articles/update-labor-day-weekend-roads-closed-due-flooding,,,"https://www.google.com/maps/@43.0893453,-89.3610349,3a,37.5y,253.55h,79.82t/data=!3m6!1e1!3m4!1s1YsrgsdHXX34OWINrAlPwQ!2e0!7i16384!8i8192",,,
location_57,US,Texas,Orange,77630,-93.7327438,30.093099,Hurricane Harvey,9/2/2017,https://www.usatoday.com/story/news/2017/09/03/power-being-cut-flooded-west-houston-area-under-evacuation-order/629667001/,6/19/2026,news,"https://www.google.com/maps/@30.093099,-93.7327438,3a,15y,290.28h,87.26t/data=!3m6!1e1!3m4!1sYtNYLHS5Eojz3FhP6x52Rg!2e0!7i13312!8i6656",https://www.usatoday.com/gcdn/-mm-/d4753fb6322f967c2e562aac4166585b9b62024e/c=0-525-4028-2801/local/-/media/2017/09/03/USATODAY/USATODAY/636400651055840868-Image-2.jpeg?width=1320&height=746&fit=crop&format=pjpg&auto=webp,,"Found the image, Rep. Brian Babin moved offices after this image was taken."
location_58,US,Kansas,Oswego,67356,-95.1213862,37.1649035,,6/18/2015,https://www.facebook.com/CityofOswegoKS/photos/pcb.879833725433137/879830302100146/?type=3&theater,7/5/2026,social media,"https://www.google.com/maps/@37.1649035,-95.1213862,3a,32.6y,279.82h,84.48t/data=!3m6!1e1!3m4!1sYZUzk4XtpI8oCR_GGNRJcw!2e0!7i13312!8i6656",https://scontent-den2-1.xx.fbcdn.net/v/t39.30808-6/556872264_24685378157785360_1412120690514250022_n.jpg?stp=dst-jpg_tt6&cstp=mx2048x1152&ctp=s2048x1152&_nc_cat=109&ccb=1-7&_nc_sid=127cfc&_nc_ohc=NBs9xnXB8zAQ7kNvwGw3JsT&_nc_oc=Ado4U43Jvxf3VP01yz9Yp1KUid2LCDKOJcE6aDHRqyw9OObRhSMXdFbSkyxHq6rJqGEdRJ4J_Ll03--1ZXn0Q-AI&_nc_zt=23&_nc_ht=scontent-den2-1.xx&_nc_gid=TKYyHCxWWc7q0gWVwmC8aA&_nc_ss=7b2a8&oh=00_AQA4Idhb2wJp3pOkPd-I3TmHSAXHktR9BnrWSpnnogkcQA&oe=6A50DBA5,,"I think I found it. What got me to believe so is that there is the slanted sign, the two telephone poles, and the hydrant."
location_59,US,Washington,Lake Stevens,98258,-122.0624326,48.0153798,,2/6/2020,https://www.facebook.com/lakestevenspolice/photos/bc.Abp830j07mCcuVQ54_5glROr9qrBOCYCzkvn9yrsm-inJaU10Hs-FfqBypDHSXUWe4rsu8GN3-SkaPCrLxjGAKvqWD1YMZIjM7ZHwUXFr5qHBqKAA91s8evI81W_xoCJbygYpVfa8gPD34rcokm0IBKB/3182391545116803/?type=1&opaqueCursor=AbqwGE8CILccdqXjz591BRP1zReue7Pok4J1Wrf3vbEIgrmOhAOb7AG9-YV2E115H3tnnnVYgkWv48OGComNXe7ifViJ0YRW3ISucAs7d3lVWykjBg0Miq0GUgnBiiHE1jlogIsAD5m8NzeIA7arcl6e8vUjFIqRLn4e-y9FaCaJHsBIUTJxwlp7aE3FwIfQMMBEy5TM7dSRlqKqEXEr5hbSAn4KLhAx1H_Q5t8V8kgGHNeRUNSO6pEFE-KgepKkG3WYEKj9vo9vIJTu_1ks6vgaXxUfPbIBAgO71rWNc8o3avugTLFQhWCGyisG_j1CIoX7MxkMQTORX6-AXFvL6Xm4JCWARsGYLSWAaAhpBSMW8tfegPS7i16NG_FJuLslJ9Tw6D7Jz0qldy0ALmRG1oaiQPkFkqrQlJ3V7u6ioHQyxFuhc-rHuZubd24ZqyatFZc1esm9QhJhwywWDFbBwY_k&theater,7/5/2026,social media,"https://www.google.com/maps/@48.0153798,-122.0624326,3a,75y,36.4h,83.03t/data=!3m6!1e1!3m4!1sGLgFVaoOCEzXGxVI54C2Og!2e0!7i16384!8i8192",https://scontent-den2-1.xx.fbcdn.net/v/t1.6435-9/84804834_3182391555116802_5566644779485233152_n.jpg?stp=dst-jpg_tt6&cstp=mx1000x750&ctp=s1000x750&_nc_cat=109&ccb=1-7&_nc_sid=9eae26&_nc_ohc=HnO3zLH1CGoQ7kNvwG8kznl&_nc_oc=Adqpgj1Q4ACaKP8Wq3A9RYeIjbdIHMcNRqyDO2kmwp04lnVagIaWQQRm21oSF0PCFoIfhig2lzoverk1FtIELUon&_nc_zt=23&_nc_ht=scontent-den2-1.xx&_nc_gid=Lcp1rSrYHkmidlGW8Gq6Ag&_nc_ss=7b2a8&oh=00_AQAIvMgqRcuqNmYOgbdEmhiSeIu05Oh_L-e5M0E_iZt8CQ&oe=6A727F4A,,
location_60,US,Indiana,Madison,47250,-85.3841379,38.7337727,,2/25/2018,https://www.facebook.com/MLoerPhotography/photos/a.949137528571243/949139958571000/?type=3,7/5/2026,social media,"https://www.google.com/maps/@38.7337727,-85.3841379,3a,75y,216.88h,90.32t/data=!3m6!1e1!3m4!1sB5HC3ZbtXIoiTEgH5Bp7Yg!2e0!7i13312!8i6656",https://scontent-den2-1.xx.fbcdn.net/v/t39.30808-6/506431743_3092613430890298_5393963308627633817_n.jpg?stp=dst-jpg_tt6&cstp=mx2048x1220&ctp=s2048x1220&_nc_cat=101&ccb=1-7&_nc_sid=cf85f3&_nc_ohc=iT1VHz8iyXEQ7kNvwFXmwLw&_nc_oc=AdoIuvjLliqIIzr9UDh6hj21VhdfYVqT5RhMawtcpGE3mGoPP3GdkfUWqbHfEcqZY5XIVprGUCbclGWFJdsuJTZ1&_nc_zt=23&_nc_ht=scontent-den2-1.xx&_nc_gid=jJVefOMjexf1iiYfF2UPYQ&_nc_ss=7b2a8&oh=00_AQAaohM8tE_nmUTYy_g2WlFrcYjqCiROTJKoV_ikkmsXew&oe=6A50E7D3,,
location_61,US,Texas,Harlingen,78550,-97.694442,26.194751,,5/8/2015,https://www.facebook.com/photo.php?fbid=2134765903508480&set=bc.AboG-bv2RRVbSsZT02x1gaA06oL_YNYCIEop8TuEdQvCFnF9aJgd12W2BH1uvioykKZNZXyNGQBbuBPILGryF58L-28C5H0BHnpbeYNlnByrLE9c_tlmFIzcvboXXEYAlxS4B7enVnxoKzYcmYtCT5dLO-P3z51W4wZ_RdzY9La-Zw&type=1&opaqueCursor=AbpNb8EP5LdldsNpvWf5_8JelQpbVvJNmJzBhuXSj9bP_6UML9mB4EDYYPK2ImZ1ZDUjBpvZln2WOwsB_czLHTmPW4Ha0DW5dXmUhrNYFvdnxTzuNSnmE9hK9clTfwSoM7Vi6OvTho19nWV_WJeh3YNq2hOTEvuz_DDDPWA23Of7h3Cel5KS58kDsbAL_5o0I8wNra8RXnnoH3KUaf9RlZTwnqqUtUq-qRz0N7INkMyvoWcZ3Jmy47E8OVd8e5_eC6LBu_k-Os_xZ6aP_yRXJjFeXYdPBljw9yiW7nWxNEE3jMzfLVTnEZogcXJpMkYAXkWMJF17xRG7h9Gonw6C_wxk0FK0TDkCY92xSRokOsh7OwoZlwkgq8QSsAyNJ82281sRjgZpU8MJbJugVCkRdaX5QztmAfgDLaVRY-Vkcd8wX9Rd7LhCDoZ6KRxI1WTHFuFY90Z_RGLMtA5jfCxSPvjPWNBbiZhFtt7LrIYXc8edkkijkytN8khW3PryOLNYY6yANxILNX4zObhGV6FzP3bUuZUijnA6bQAHK0MrMvMBhdW5nZK5qVRfFoYLljs4EPw&theater,7/5/2026,social media,"https://www.google.com/maps/@26.1946787,-97.6945191,3a,38.5y,31.54h,84.14t/data=!3m6!1e1!3m4!1seV2GmduufoKnHfmjESkT9A!2e0!7i16384!8i8192",https://scontent-den2-1.xx.fbcdn.net/v/t1.6435-9/43951499_2134765906841813_4290908642099593216_n.jpg?stp=dst-jpg_tt6&cstp=mx783x588&ctp=s783x588&_nc_cat=104&ccb=1-7&_nc_sid=cf85f3&_nc_ohc=-bKg5nodC4wQ7kNvwHzucJY&_nc_oc=AdqmuXHo12ejWNyqQvuLiYBTJs2TdRIB-CqyvjrnFEkuDlCT-9Po11Cnne8ZmaGqUltRqpTqn3xuTvMFZfdnifRs&_nc_zt=23&_nc_ht=scontent-den2-1.xx&_nc_gid=s3kRNVGYmlwHNOoo1R1M5Q&_nc_ss=7b2a8&oh=00_AQC4BJwZFPddL8lMpBPHeYd_xMdBwgHM28VA7N2GrJSM8g&oe=6A728623,,
location_62,US,Maryland,Upper Marlboro,20772,-76.750846,38.814904,,9/8/2011,https://www.facebook.com/photo.php?fbid=283368261679891&set=bc.AbooZi5AmLhxNJuuRWrofDFKSKK-F_Cbi7_BT8SMfL2x_dfUhfQirPLBxloFQPEyWbrdDrIUnsDsjZUoao95sc0tYAOVpWU602oNSJNc2jEYZhvtGYeurAijj162jlMLiZUNzxZyXS4qn7m9E-u-kQakUClMYGnOmQzS2xhPJxPa1A&type=1&opaqueCursor=AbqZnaN-bXoiC21mCkNW88gRwca6VUYCqo8kns9Mq5yNHIax0ow4ghvaCvFMYkab5Zj2U9hkx9aKOo4avNDCzkRjLXrX8QpSWr46zvwxDcHquWWDYtY5p6tIneVaCfr_Gz_A7wWIbtDqwPhomIHmV3Agp_ndj65dG0LINFSghDLGhCoTSnKrKdUNJrtBW-EZb74wEJXG7C5hPHpbkNhtxl6TeuJb2nG1CRxKD6t8313DaZ3-ICwYVfnm2YXzvE11ebMZfgxt4wnEK9gnNmRDTQuSY1QvTpGaH2WqIfHCy11p7yIObIgnyUQct84n1XxZWJuoY0uyu21hNrc4r87OW4JoCF1-jsBQ2P8luGMW1todyTjouUPeXAiWRCx7mL314YM7q8FSyaGruzgmVtXePFqNi35xzZMD8eAt4twnoIKux26fw6pdqdaZKKqKZxPcyatSf069zJ2lrpBNwCUIbVn1EuNZfJxCPmBbDsUU8op6yDRQdZiAy2zsSjvqirgO5q-bpiMjp9eJeZZUo-D2XUXrSzc_wZ6jMqMYLRKSmBA9E1sQR-HX-QrtKQqgBm6zyoM&theater,7/5/2026,social media,"https://www.google.com/maps/@38.8148893,-76.7506871,3a,58.3y,260.99h,85.65t/data=!3m6!1e1!3m4!1s1Xxf2cy1gHCrhkB-fq9pgQ!2e0!7i13312!8i6656",https://scontent-den2-1.xx.fbcdn.net/v/t39.30808-6/555617427_25521123860810983_595474563766635998_n.jpg?stp=dst-jpg_tt6&cstp=mx2048x1542&ctp=s2048x1542&_nc_cat=107&ccb=1-7&_nc_sid=cf85f3&_nc_ohc=yF-bcq6YeHIQ7kNvwFM3l9K&_nc_oc=AdrYKUuMlud357YYRFs5Z9d66IRSLsPgQ4f4TyCFAZeqRUk5kTQFXi7Gj_ZYgXvtdfuMx5pj_pUg6_wN1qLj7JjN&_nc_zt=23&_nc_ht=scontent-den2-1.xx&_nc_gid=OsIfMCJmySnC4S4esBVodQ&_nc_ss=7b2a8&oh=00_AQBYS1mGAB2DH6umfAACBG4fqKj6ecAGjhYW5Cr9WQVgOg&oe=6A50C78B,,
location_63,US,California,Bermuda Dunes,92203,-116.286498,33.745921,,9/8/2014,https://www.facebook.com/scottpamphotography/photos/bc.AbrGKCo9EL5JO3nz8CxopAl9i2UtirqAEKzmVQKHgDgKJhjqLS35ub0w-DSJMO8WcCYAOi0CaClbpyZC_JuBHbsqdLDm76ezOua-x-unM62DwT-XZu5zUbIz10c9KsF3rk1steFYKApLne0ouPI9B5_v1EV6ig7LZsFr_OtE_Vk--w/837343976284817/?type=1&opaqueCursor=AbrdCk0uAIOEZvNXSj26f0FFpGidCbctj8nnvc66Rl49lBd1LBHRO7bK0wBpwYXOp0ADDbX7FsOQZjluvIVAL3cmm5AxhYSbKzS8G40mhDeQ22Ovnfd_t2obzhK2e1Kr7qimngaiAT_tcvMhxbAvzS1JrpZVUQlnbWQ-G1BcCLsyy9Xb1prJYLKcHEX4XsvEg_ctF5U06DXGesGJx_27JktrqXtcRzCvQw-NKpYT__1crJRF9TxSAQ6sEGei74Pn3CWOsDbjcaQ3t0B0t3aZtwrch20mtJqSZNxfeEJr7KhqPFrYuZkCpHNofVOF4YaTKqWbesNKCm2lbt1Wt_3Rn7guZaW631TkmqULFnk-DyLL83C4saoIT3ZCAtEDnXBFqtVVo1Z13f11Yxpwi-bq3SJbHY9FzvB3OIK-tk_3va83Rr_YYG-b2I20tvMzE7jrFKf2xyyG8d84pkTZZ95K1AYrSj3Iy_2m10zvYekQAlcabIxUU6V0OCisxMOJwNAvAM4t2kejduD9djXv9MYwt8D-XMsvzJJNelF5bW0RIQBKXgYQ2ra9rZX9KEZyYm9v0nBAtYhyiddxVtTHaHxfOjFh&theater,7/5/2026,social media,"https://www.google.com/maps/@33.7460309,-116.2866903,3a,16.9y,117.71h,86.72t/data=!3m6!1e1!3m4!1svKH0u6Knv_Bu6578n31RGg!2e0!7i16384!8i8192",https://scontent-den2-1.xx.fbcdn.net/v/t39.30808-6/514612992_24426606370265246_8238968466900716486_n.jpg?stp=dst-jpg_tt6&cstp=mx2048x1367&ctp=s2048x1367&_nc_cat=111&ccb=1-7&_nc_sid=cf85f3&_nc_ohc=zCG_XTYeJf4Q7kNvwFJAe7N&_nc_oc=Ado0cvg0pESZu_WkB60qd9zevUPCocjKeUzR89vPccE8L5BVVV_QQosELHktSgk3hObZ65meNP9cTeXeabd6G2tJ&_nc_zt=23&_nc_ht=scontent-den2-1.xx&_nc_gid=OhOntmiVU-3hHYVmsiicHg&_nc_ss=7b2a8&oh=00_AQCAPvIujB_QDL-IZAK51CNN6ass6lVi1w8ZYbKAdG-zDQ&oe=6A50D759,,
location_64,US,Missouri ,Branson,65616,-93.224801,36.634762,,4/30/2011,https://www.facebook.com/photo.php?fbid=10150169873408797&set=bc.AbrHUOaQcXmkGSjirnFEfqdg330z0PUDC3jV8rZvDnTSf4-kwUyBe6CnQhxt2ONqXJaFSYB9AJt-PE-RdDAziLEyZB8yqeG7-CAeWM8l3aUq3dUXk9zRDhtsvlBK4C__gC5mkzNLIIqwP8fidyD6G4fGq9C9H_RSJebZjetkEGPVWw&type=1&opaqueCursor=AbqKCvSXdDme8NhN4dK9TdVUoGh8DEG2UOPdgcDS4ejq-rpaVulX1a27rFJLT2ymdHHU00-OpjFtFqc_xI7yhlJMEhxHy_hD5MvfknRWa1k5YWXxG9mxleSKuY6AVbCBsPVkqA9AR3PMAenD8MeI7jcA0MovkVw26njgXOb3358523xH_XGpXI6Ah6aIsG6twXbvvt7oioiuTn8Pm35UWVtPEH0YnVMc5K3EDODajHzfxfvBi6moFtZEn81YRI488EcTETmulRpTdJ3egoDWtQlpV8GJiArQ8VJF-kK3Lf3ZIEjlYsOKIKoQm638Fvz1YyYVndfy2i60HIhL7fUQRzqxV2UwIt0pxv9a3yqSSgDNnr-LDNehNfpngt7kdekXdDS0xQA0nJOyflea8Y_aRRV1l7RBLKbvko2HKajyvTO-tn8Uipz87XOZkWuZ2gOXLxU8UlyBuDzUCanbehd44AdNfXsP-q680XMrp-jLHy1AcBgVdxg4dii9vGM0_SpHwZT-lOawMTVBUAqwxLzt4zT-qGJRz_xBY9Oml_wYd2J6y6MVqVPm7AL3p7N4mdG-7IQjSLhx-9d04MuWKFvjFkjVM9rg4VcocuCF9cpgZ0w1yQ&theater,7/5/2026,social media,"https://www.google.com/maps/@36.6348622,-93.2247722,3a,60y,180.8h,90.73t/data=!3m6!1e1!3m4!1sqUtcJu-p8sxQ-REa0YFl6A!2e0!7i3328!8i1664",https://scontent-den2-1.xx.fbcdn.net/v/t39.30808-6/569609903_10164405470283797_1433179557099375818_n.jpg?stp=dst-jpg_tt6&cstp=mx960x720&ctp=s960x720&_nc_cat=103&ccb=1-7&_nc_sid=cf85f3&_nc_ohc=DMn8alSOiJoQ7kNvwHrUneq&_nc_oc=AdqJav3SrkszonKsX8yXvnfKW3DU1GrDoYz92CmMckXOSfWjG892zDtuJPTQK_ObJDPUrBVLl5PSDKvXNZPdjgOD&_nc_zt=23&_nc_ht=scontent-den2-1.xx&_nc_gid=WGu5UrjUdd_ZtB2EKTPsLw&_nc_ss=7b2a8&oh=00_AQC0Uy3bi8nRoBmorlPrT-h4HJdljRhPpSfslGQnsdPhRg&oe=6A50BF72,,
location_65,US,North Carolina,Roanoke Rapids,27870,-77.665768,36.462888,,8/25/2012,https://www.facebook.com/photo.php?fbid=4472400289347&set=bc.AbqkTWPa-IePUQBrntT3Rg0xiQ6KuRnLf4fqVoNdl8ZxtrPaiTa-qaVbHnzkOLivUKLQaW_v9LRG75uJ6lWhaW7aPo1rUw4gH7Bhcd3ClIkkb-Wfmmde7qhGyZMI59YjSnnlYUoWzrjFnFNH6T9Nsb0W4bM7oimNsYJaDJeJ3iuQkQ&type=1&opaqueCursor=Abp5Uezj8u4c5RX_retfuEVEUXsLecZ-kC4uXHfN-1rR7fD1xIvbbMxVIFDlC6-RIseHSywkSGsnVr-eqeIAUXHIhMMoEWAbBsIs1fAL6plh063gEZ5Z5FcJ0WhXnEKtdXO_3raDV7q-ji8tJM-xyfR-yEtSmYTTD9K8dflBa_8UCc9ntabWs0c3U7IufT2WoDKi9VCU71QEuJSXChFF8f1WWrlHXm1X9YeTKExWT0TW0fzCJrSSVPnLUQ4AfEk7zqOXjE5-MSmi5FnvpS7ViXqVHpcBRUjV3-6Vj7MRfGZENjkg3iZnl1ZjJJ2METeWfccMsTnPbxs3eBEpV11JWXlv5fGwSN3KSqqH5Cg3JvhVWIRZmTnDd5ntLiUZ7P3UyxH7Hlf4sV03aTjyPmZeArqH5DWuBw5lyHzjLe4aXKNHy8elVAixiH1FmBL9M9g0ddMFM-2H7aIEthRfaKLV3ea-BHR3fQtNalXfg4ayMwKGzA&theater,7/5/2026,social media,"https://www.google.com/maps/@36.463047,-77.6656437,3a,16y,214.33h,87.09t/data=!3m6!1e1!3m4!1sGeQ4Prz-pEnOpVfDpRRdGg!2e0!7i13312!8i6656",https://scontent-den2-1.xx.fbcdn.net/v/t39.30808-6/556098362_10239717877386174_795286919952954092_n.jpg?stp=dst-jpg_tt6&cstp=mx960x541&ctp=s960x541&_nc_cat=105&ccb=1-7&_nc_sid=cf85f3&_nc_ohc=qvvJeno8cTcQ7kNvwHJ_fAg&_nc_oc=Adoi9UPFbxbiFHqcJxgSz37sbucKIwCGJWXNHjJdPV6W8_aPQynGmHd-h-mr400IpFOVJpj2i-zkq6m9aXDqONez&_nc_zt=23&_nc_ht=scontent-den2-1.xx&_nc_gid=Pv-Qwq2RWz3sJanHzxKtbw&_nc_ss=7b2a8&oh=00_AQBVnaGy5FxN0r4Uo07RCpfcXgmievqjDMU9xhR85UpyBw&oe=6A50F1DB,,
location_66,US,Pennsylvania,Athens,18810,-76.518749,41.962417,,9/8/2011,https://www.facebook.com/photo.php?fbid=270401066318581&set=a.270399349652086&type=3&theater,7/5/2026,social media,"https://www.google.com/maps/@41.9625192,-76.5188061,3a,75y,160.29h,89.1t/data=!3m6!1e1!3m4!1sCGyxKZVxUxwTFmV4xfKV8g!2e0!7i16384!8i8192",https://scontent-den2-1.xx.fbcdn.net/v/t39.30808-6/555777356_32191882527077020_6581008287770540891_n.jpg?stp=dst-jpg_tt6&cstp=mx960x720&ctp=s960x720&_nc_cat=103&ccb=1-7&_nc_sid=cf85f3&_nc_ohc=mdjwgv6eQM8Q7kNvwEZuK47&_nc_oc=AdrNcZXR-TU8hFfqHcLnR0qh5aU6cIC47MsgnQLePwn6ieOETTkmRQoQc0AoIiHFzdlyywzyVRf0YEqFvQ9-CBIU&_nc_zt=23&_nc_ht=scontent-den2-1.xx&_nc_gid=r0dkCpypgaUiGLR8UFIcfA&_nc_ss=7b2a8&oh=00_AQApRMr5_PBtFazuixMFqphUzuBmF6ezEMFVkY7FEhqVxA&oe=6A50C696,,
location_67,US,Kentucky,Louisville,40202,-85.759443,38.258727,,2/15/2020,https://www.wave3.com/2020/02/15/update-more-road-closures-announced-due-flooding/,6/19/2026,news,"https://www.google.com/maps/@38.2586647,-85.7594981,3a,31.2y,28.43h,85.81t/data=!3m6!1e1!3m4!1sjgVEyrOpdQ15rMxgc5HsrQ!2e0!7i16384!8i8192",https://gray-wave-prod.gtv-cdn.com/resizer/v2/35WHMB4R2JEAZGJ6K5CJ5DOUYQ.png?auth=ad792b7fbd31161df1d27a7778a6c018edcaa8496062bd2e517cf9491f7e7f68&width=1600&height=900&smart=true,,
location_68,US,Pennsylvania,Athens,18810,-76.517833,41.962691,,9/8/2011,https://www.facebook.com/photo.php?fbid=270400916318596&set=bc.AboKQXlqlrP0U9ZvWJlgsN8XZrNbNVcMPRdmcrvTSJYCg3f-j8-r6QCnnnH4O4k2tiU3OtNQqk-ePJFXsP73Wf-0tpbL3U_-HINfOh_39fC7FrwvOXnPudlmW5n3s8CxqCVH4KofATj2qURjg_p5Xbdb0MOvGBUaeTkQOnxrQj-evA&type=1&opaqueCursor=AbqCmi6FKgqqPkNsaeXB_y1IR11umVf9U4Ja9fLIzemlApuOeZJ_weiJ_CrlAPFjPHVEiV-5ct5KQP2hig0D-PVKafRBEFWEQdweDeyMQ_mkebUAus9lUygbcCT3EUUtQWm110dr9f3T9tlAEW_L8bPrtEthn2xyRCdO-o7R9v6p9uM8Lp8g7l3r6BtQ8Dhy02eeI9cdJ7NzZyeoV0_xkcsxl9FulxA6VJu9GmmcuBqPErGz2YMytLYwtaAK987CyM5nYkTR3Ck60rf71a1YOGd4d9zGxfeJXkESQ_muGIAWwadNgQ_oeDp9g4qHLyDY0G2ZIypzfpuYFMBW5po0T0t9x7lHXaVIn8ESMvYCKgaN7QhgZBw9NKBiXwJuYVU4U2Wjw_6Q4-h9tqiwSvw5tBmUkUP-XQTgFKuTz2x3C3RIlXtlMm1AFmZPy_YMi-drAvxtjTTWlN-F_OvFShcgW7xF&theater,7/5/2026,social medis,"https://www.google.com/maps/@41.9626572,-76.5179998,3a,40.9y,346.8h,87.74t/data=!3m6!1e1!3m4!1s2lPsqnrP6HDpNgrPspQc9w!2e0!7i16384!8i8192",https://scontent-den2-1.xx.fbcdn.net/v/t39.30808-6/553666391_32191882517077021_3663548659659233689_n.jpg?stp=dst-jpg_tt6&cstp=mx960x720&ctp=s960x720&_nc_cat=102&ccb=1-7&_nc_sid=cf85f3&_nc_ohc=BvBJSgKxtLwQ7kNvwHu1iR9&_nc_oc=Ado-LVnBcGbZqnDgYMUlRFK8lx-LRSz0rlj5JD5Gb0MiQsRANwjBZeonnwnGGSNOu6vZdBP4cJvYL3MfbSL3V2AQ&_nc_zt=23&_nc_ht=scontent-den2-1.xx&_nc_gid=5hci3d6N4f2nCy2uhayDfQ&_nc_ss=7b2a8&oh=00_AQDbHHLFFSCujqH5qbQv6RCsO1zImHSef-27bd-OdXCLeg&oe=6A50E8E4,,
location_69,US,Illinois,Grafton,62037,-90.4327209,38.969812,,1/2/2016,https://www.facebook.com/photo.php?fbid=1022974121097746&set=bc.AbrqpQ3-pf5rWYg4UV9Jd8e-4DqSPavrgaVmrFnoCqIPU90mVnybn4Q2WdcVD9wAqBIaFRlPCN5r3jO7Pdrl74XmDKKbtZnh1Osy5T6EGyVB0bRddsoYZbtd_NbVVjYkWtzl2rn_fR9tFGcAw4h-4ioc8Mw8C9P4iqttsnHJLjF4cA&type=1&opaqueCursor=AbpmcDqVPTW2KFsdeUARtvF98RSU1veWCL3GAu_6obRtLP7gxXsE50HN7hTC5GTq8a5P-UvbX6lccTyWSvpWwYwFx-AycReah5q1HBNwQ8Ej4S-bOBGiKIDzG_Ho3H6S0tWpbDjoGK6FIKCHjPI142RuP1r13NM1iu8Cx1HdfjRBflH85nLYXPhgpXChj50emqgiirKTOG65Iu63G4mTDngG7eJtgfCGy7kFo35Y7XbGNTIxshi1NCyH8ZyhGLVMm__idAWWZoYpx1fDV36hB9NArrc8tq9YeDYTvMxvX669dy90lFjzfDqEY1wg5HhJ5aFYFZezzMtYlzNshqZO8vQ8UWr0qVSXxCTm2Sxg_sLxUWm0q9LLHNsz9m2T3tKg3HWuQhmV0yl5a6wIs1YBWU0MfEX8ultFqQALX9nhkcKxv1jB1wUf01nvR5YWRc7h9iUQ0ZB2orN9uhwW9jbS-wZ8mIjeAA6Zw0EBGXWPGpLTxIDVzZH65uGbyMqLi583dYE&theater,7/5/2026,social media,"https://www.google.com/maps/@38.9698122,-90.4327209,3a,15y,179.85h,86.34t/data=!3m6!1e1!3m4!1siVMAwvfT4X50hhUjT5HSLQ!2e0!7i13312!8i6656",https://scontent-den2-1.xx.fbcdn.net/v/t39.30808-6/653702904_26422933900675085_7643185363524081594_n.jpg?stp=dst-jpg_tt6&cstp=mx2048x1365&ctp=s2048x1365&_nc_cat=108&ccb=1-7&_nc_sid=cf85f3&_nc_ohc=TEOZXLGqYS0Q7kNvwFLNFob&_nc_oc=AdpOV8bR36W_PWDSa7NlOVi1_TDqcOU8Y3CZKLLxqEvfpwojFNp9EzISjsZk3DYoNnb2cOhAL1kw4-MeQjCRwy1s&_nc_zt=23&_nc_ht=scontent-den2-1.xx&_nc_gid=ma8joNTX0uhKU1pyZ3i5bA&_nc_ss=7b2a8&oh=00_AQALHFjqQYSJa8OnLNp243ol0pyb8riYmHpiHjmqEhL-gg&oe=6A50E526,,
location_70,US,Vermont,Milton,5468,-73.113365,44.637054,,,https://www.facebook.com/photo.php?fbid=10150166933786911&set=bc.AbqZNLOA7YvSiYRCkA-JhSMbTbS4CW-dO6kooGPjq9GYMeIwnlCqYNa50wqIcmlQPUBJqcJHuoWnHfvOJEK1kF1B8KAazIu4xWxQhJ2iUvtmyWoGZqtWrLSZoZivCnxU-6TaqgiahSqsJ3x7j7Kh79Cy7JTJuOa712aJRb2VsYjJSQ&type=1&opaqueCursor=AbpakjxI--jHjelFFvdCRXAQ5-URNV491Z37G8eQoMY8uBusY-DAJE_7DF01keRULg20PO25KRzuYtPNgul0K8eFHVHvcRq_9iWzQ3JPH6vzBBkQdUN7kM_2SaY8hPob3LL1M74RuiYnJW5-A4wI925ziyRkutI4S1wI0AnGegHv6cVJZsYjQ6DyRFjCeXnlDZQ5j9-Cqoy5Qzuuy_-CeKGrc_ANp_5afyyVO6gBKpQ_t7EVI6mxOPHrEslc5aM4soQeG-TFI9zLd-_Ogi9uYeHY5ODPHyE19pC4nCNn4bW1lx9wT88_JsVYCBH_UR_tFIhKRwK0H9Fud0kflP_QWjZK1X3rvdANyxhPJ2eEIxnw2NQcm46Z1O8OXjrPWCCGZPGElyuB9iEQg_oEzdWC7-lwrInExgIG9T8v6zxQiebiPzxz2ehfeRGfYoy1cuErDMBGroJJuIzIntk0Up1AAUI0ugUHdV6u8z5xV4nW4QolMJQ75T62GVH_UCGXapYzLPW8lLABHOOuWnCsh6dE-azjliKQLY9R2JZP0UYMP-l4EqNAQC0JzNxTkf2xT0H5zK8&theater,7/5/2026,social media,"https://www.google.com/maps/@44.637054,-73.1133646,3a,75y,288.93h,70.3t/data=!3m6!1e1!3m4!1sTxz1j70l2_ZwH0ojiAycxg!2e0!7i13312!8i6656",,,
location_71,US,Illinois,Grafton,62037,-90.433982,38.969141,,,https://www.pinterest.com/pin/392024342533701139/,6/19/2026,pinterest,"https://www.google.com/maps/@38.969804,-90.4338909,3a,15y,185.29h,89.35t/data=!3m6!1e1!3m4!1sBqdoGR0cDjTr8_y6OvAqcw!2e0!7i13312!8i6656",https://i.pinimg.com/736x/82/bf/e3/82bfe3b468c1b1235d2fe4ac1acb9a33.jpg,,Another post flood photo: https://www.pinterest.com/pin/383157880787524652/
location_72,US,Pennsylvania,Harrisburg,17126,-76.886849,40.25479,,,https://www.pinterest.com/pin/697565429768889552/,6/19/2026,pinterest,"https://www.google.com/maps/@40.2546736,-76.8867728,3a,50.1y,341.09h,82.2t/data=!3m6!1e1!3m4!1sdBs-WrK91iH33Qhyt6Lgwg!2e0!7i16384!8i8192",https://i.pinimg.com/1200x/fd/46/01/fd460138d042cd5ef93b63ca08b7ae66.jpg,,https://www.pond5.com/stock-footage/item/8649382-flooded-stop-sign-city-island?ref=getmedia
location_73,US,Pennsylvania,Harrisburg,17126,-76.886333,40.254298,,9/1/2011,https://www.pond5.com/stock-footage/item/8649347-flooded-parking-lot-city-island,6/19/2026,shutter stock,"https://www.google.com/maps/@40.2544476,-76.8864164,3a,41.7y,154.67h,90.68t/data=!3m6!1e1!3m4!1sYM3xpVP9gshJFkIi2dr1TQ!2e0!7i16384!8i8192",video,,Another post flood photo: https://www.pond5.com/stock-footage/item/8649361-parking-lot-flood    and   https://www.pond5.com/stock-footage/item/8649350-stop-sign-flood
location_74,US,Pennsylvania,Harrisburg,17126,-76.887015,40.254621,,9/1/2011,https://www.pond5.com/stock-footage/item/8649368-flooded-ramp,6/19/2026,shutter stock,"https://www.google.com/maps/@40.2546736,-76.8867728,3a,17.2y,249.12h,90.96t/data=!3m6!1e1!3m4!1sdBs-WrK91iH33Qhyt6Lgwg!2e0!7i16384!8i8192",video,,
location_75,US,Missouri,Eureka,63025,-90.628104,38.501024,,7/22/2019,https://fox2now.com/news/flash-flooding-forces-many-road-closures-around-the-area/,6/19/2026,news,"https://www.google.com/maps/@38.5012655,-90.6279739,3a,15.8y,208.95h,86.87t/data=!3m6!1e1!3m4!1sHwjKWxSXzeMV_CJcrR9VXA!2e0!7i13312!8i6656",video,,
location_76,US,Missouri,Eureka,63025,-90.627062,38.49975,,7/22/2019,https://www.facebook.com/eurekamissouri/photos/pcb.2095890417381818/2095890187381841/?type=3&theater,7/10/2026,social media,"https://www.google.com/maps/@38.4997128,-90.6271156,3a,43.3y,53.28h,84.68t/data=!3m6!1e1!3m4!1saUFS1X1MHthVCOzKXUQtXA!2e0!7i16384!8i8192",https://scontent-den2-1.xx.fbcdn.net/v/t1.6435-9/67135978_2095890190715174_6411322979543678976_n.jpg?stp=dst-jpg_tt6&cstp=mx960x720&ctp=s960x720&_nc_cat=109&ccb=1-7&_nc_sid=833d8c&_nc_ohc=2b4d9tGzF7wQ7kNvwFOG85d&_nc_oc=AdpHOYEQMi4i86HMxKZ8d_hlx9Fx4B4FND_TULfK6drrcRsnCStcLGFM8jEmosC1VHc&_nc_zt=23&_nc_ht=scontent-den2-1.xx&_nc_gid=4ZLjdaMFi2sDQSiBrh4hFw&_nc_ss=7b2a8&oh=00_AQAGWsXEUc5iBTJpXQdVFtxpbOWO499wQ1oI6MnHIQVtcQ&oe=6A78FAFE,https://www.facebook.com/eurekamissouri/posts/2095890417381818,
location_77,US,Missouri,Eureka,63025,-90.627978,38.500829,,7/22/2019,https://www.facebook.com/eurekamissouri/photos/pcb.2095890417381818/2095890140715179/?type=3&theater,7/10/2026,social media,"https://www.google.com/maps/@38.5005573,-90.6280915,3a,24.5y,15.7h,89.09t/data=!3m6!1e1!3m4!1sj8GNv8-uPi86h4iPOkaKHg!2e0!7i16384!8i8192",https://scontent-den2-1.xx.fbcdn.net/v/t1.6435-9/67340215_2095890144048512_4289058537692200960_n.jpg?stp=dst-jpg_tt6&cstp=mx960x720&ctp=s960x720&_nc_cat=111&ccb=1-7&_nc_sid=833d8c&_nc_ohc=sjtRGGu1ME0Q7kNvwFQYn3V&_nc_oc=AdpIXKryJE-SfMTP8QcAsILUXiNKMQmJi8GoZx6qk7cPqJQ41RtYugxDzkDmtHDQ0DM&_nc_zt=23&_nc_ht=scontent-den2-1.xx&_nc_gid=4ZLjdaMFi2sDQSiBrh4hFw&_nc_ss=7b2a8&oh=00_AQBL6zrhLcYl_X-sr1-lqepmHQh4uKH0bwJ8Y-lqKNuD4A&oe=6A78F13D,https://www.facebook.com/eurekamissouri/posts/2095890417381818,
location_78,US,South Carolina,Charleston,29401,-79.9283937,32.7807239,Hurricane Matthew,10/8/2016,https://abcnews.go.com/US/photos/us-braces-hurricane-matthew-42596741/image-42668773,6/19/2026,news,"https://www.google.com/maps/@32.7807239,-79.9283937,3a,46.1y,352.11h,79.44t/data=!3m6!1e1!3m4!1s7gpPwTd9EYXTI9NBRwd6OQ!2e0!7i16384!8i8192",https://s.abcnews.com/images/US/RT_hurricane_matthew_charleston_flooding_2a_jt_161008_3x2_1600.jpg?w=1600,https://s.abcnews.com/images/US/RT_hurricane_matthew_charleston_flooding_2a_jt_161008_3x2_1600.jpg?w=1600,
location_79,US,South Carolina,Charleston,29415,-79.9318961,32.7697161,Hurricane Matthew,10/8/2016,https://abcnews.go.com/US/photos/us-braces-hurricane-matthew-42596741/image-42669198,6/19/2026,news,"https://www.google.com/maps/@32.7697161,-79.9318961,3a,41.5y,197.28h,85.33t/data=!3m6!1e1!3m4!1s3H6IxwXEZpUD0pIQbNhfBg!2e0!7i16384!8i8192",https://s.abcnews.com/images/US/RT_hurricane_matthew_charleston_flooding_2a_jt_161008_3x2_1600.jpg?w=1600,,
location_80,US,Texas,Humble,77338,-95.267569,30.0145111,Hurricane Harvey,8/29/2017,https://www.alamy.com/stock-photo-a-stop-sign-stands-above-a-flooded-street-in-a-suburb-of-houston-texas-171965364.html,6/19/2026,alamy,"https://www.google.com/maps/@30.0145111,-95.267569,3a,52.8y,313.81h,76.94t/data=!3m6!1e1!3m4!1ssvnG0aL-qtaVd42Dmqkq9w!2e0!7i13312!8i6656","https://media-cldnry.s-nbcnews.com/image/upload/t_fit-880w,f_auto,q_auto:best/newscms/2016_40/1742011/ss-161008-matthew-path-destruction-mbe-1128p_5.jpg",https://www.nbcnews.com/slideshow/southeast-grapples-hurricane-damage-n662466,
location_81,US,Florida,Bonita Springs,34135,-81.7590925,26.3348074,Hurricane Irma,8/29/2017,https://www.gettyimages.com/detail/photo/flooded-stop-sign-royalty-free-image/854825674,6/19/2026,getty images,"https://www.google.com/maps/@26.3348074,-81.7590925,3a,75y,24.24h,74.59t/data=!3m6!1e1!3m4!1sW6tKuGl2cdzwpfxq29GeXQ!2e0!7i13312!8i6656",https://c7.alamy.com/comp/KYNKG4/us-border-patrol-riverine-agents-were-involved-in-evacuating-residents-KYNKG4.jpg,https://www.alamy.com/stock-photo-a-stop-sign-stands-above-a-flooded-street-in-a-suburb-of-houston-texas-171965364.html,
location_82,US,Maine,Turner,4282,-70.2557628,44.2556139,,8/28/2017,https://www.usgs.gov/media/images/flooded-road-2,6/19/2026,government,"https://www.google.com/maps/@44.2556139,-70.2557628,3a,19.9y,308.39h,86.1t/data=!3m6!1e1!3m4!1s4drm7wP8hbp_Pegeq6Ui7Q!2e0!7i13312!8i6656",https://imageio.forbes.com/specials-images/imageserve/5dc18480b4d505000678ec47/HURRICANE-HARVEY/0x0.jpg?width=960&dpr=2,https://www.forbes.com/sites/rogerpielke/2019/11/05/flooding-societal-change-is-more-important-than-climate-change/,"Found: at the end of School House Hill Rd. in Turner, ME at the Nezinscot River"
location_83,US,Texas,Houston,77029,-95.263376,29.7372208,Water Main break,,https://abcnews.go.com/US/wireStory/people-rescued-water-main-break-floods-houston-freeway-69264524,7/10/2026,news,"https://www.google.com/maps/@29.7372208,-95.263376,3a,48.5y,229.43h,73.06t/data=!3m7!1e1!3m5!1sR42iFu9jjLBDGt5GPqpDEg!2e0!6s%2F%2Fgeo3.ggpht.com%2Fcbk%3Fpanoid%3DR42iFu9jjLBDGt5GPqpDEg%26output%3Dthumbnail%26cb_client%3Dmaps_sv.tactile.gps%26thumb%3D2%26w%3D203%26h%3D100%26yaw%3D88.17637%26pitch%3D0%26thumbfov%3D100!7i16384!8i8192",https://d9-wret.s3.us-west-2.amazonaws.com/assets/palladium/production/s3fs-public/styles/full_width/public/IMG_0029_0.JPG?itok=Z0zHwkY7,https://www.usgs.gov/media/images/flooded-road-near-usgs-gaging-station-01055500-turner-maine,
location_84,US,Virginia,Vienna,22180,-77.2565855,38.9080949,2019 Flooding,,https://patch.com/virginia/vienna/3-people-rescued-flooded-road-wolf-trap,7/10/2026,news,"https://www.google.com/maps/@38.9080949,-77.2565855,3a,35.3y,336.49h,82.8t/data=!3m6!1e1!3m4!1sEntj_lv7y3_n1Wo43RftOA!2e0!7i13312!8i6656",https://www.prensa.com/resizer/v2/KQIJ54GXCZCVJGRD6ADYTV647A.jpg?auth=46538ae2121b3c3f94b0c5539719a4fb845ba986340e58b5864df91313e3933e&width=950&height=534&quality=85,https://www.prensa.com/mundo/Miles-evacuados-casas-inundaciones-Canada_0_5287721197.html,
location_85,US,Colorado,Greeley,80631,-104.6853108,40.4283475,2014 Flooding,5/1/2019,https://gazette.com/news/streets-fields-remain-flooded-in-greeley/article_32d175c0-28fa-579d-8f43-4723d0ac4b5c.html,7/10/2026,news,"https://www.google.com/maps/@40.4283475,-104.6853108,3a,75y,8.55h,76.51t/data=!3m6!1e1!3m4!1sS6TpKMzAlG9LZgq4K8egHQ!2e0!7i13312!8i6656","https://bloximages.chicago2.vip.townnews.com/qctimes.com/content/tncms/assets/v3/editorial/d/66/d66527ca-7e07-53f4-984e-3792e02b4234/5cc8ed467bb81.image.jpg?resize=1092,500",https://qctimes.com/news/local/article_bece3994-dff3-571e-a074-8ed22f21e45c.html,
location_86,US,New Jersey,Rahway,7065,-74.2868672,40.6019802,,,https://www.reddit.com/r/FloodPictures/comments/6rk2b5/sea_the_street_name/,7/10/2026,reddit,"https://www.google.com/maps/@40.6019802,-74.2868672,3a,75y,43.33h,77.41t/data=!3m6!1e1!3m4!1sBulqE-bKgv72AwPRClFkLw!2e0!7i16384!8i8192",,,very far
location_87,US,Iowa,Buffalo,52728,-90.7223434,41.4558226,,10/5/2015,https://qconline.com/news/local/small-breaches-continue-to-threaten-already-flooded-out-buffalo/article_c3b1555e-ffae-58f3-8ce9-259cb37d6c73.html,7/10/2026,news,"https://www.google.com/maps/@41.4558226,-90.7223434,3a,15y,188.93h,85.19t/data=!3m7!1e1!3m5!1sJirbK7Kp3d2GFadG5QZNxA!2e0!6s%2F%2Fgeo0.ggpht.com%2Fcbk%3Fpanoid%3DJirbK7Kp3d2GFadG5QZNxA%26output%3Dthumbnail%26cb_client%3Dmaps_sv.tactile.gps%26thumb%3D2%26w%3D203%26h%3D100%26yaw%3D351.0281%26pitch%3D0%26thumbfov%3D100!7i13312!8i6656",https://d2m9t6p6qpk0cr.cloudfront.net/wp-content/uploads/2015/10/Canal-Drive-flooded-at-Sea-Oats-Lane-in-Carolina-Beach-10515-696x464.jpg,https://portcitydaily.com/local-news/2016/09/02/flood-advisory-issued-for-area-due-to-tropical-storm-hermine/,
location_88,US,California,Costa Mesa,92627,-117.9275967,33.6364061,,12/6/2018,https://www.sbsun.com/2018/12/06/more-rain-snow-prompts-weather-advisories-across-southland/,6/19/2026,news,"https://www.google.com/maps/@33.6364061,-117.9275967,3a,44.6y,188.47h,84.98t/data=!3m6!1e1!3m4!1sqmx1fAZm3dPOQqOFwv6Irw!2e0!7i16384!8i8192",https://www.sbsun.com/wp-content/uploads/2018/12/flooding.jpg?w=780,,
location_89,US,Virginia,Vienna,22180,-77.2565855,38.9080949,,7/8/2019,https://patch.com/virginia/vienna/3-people-rescued-flooded-road-wolf-trap,6/19/2026,news,"https://www.google.com/maps/@38.9080949,-77.2565855,3a,35.3y,336.49h,82.8t/data=!3m6!1e1!3m4!1sEntj_lv7y3_n1Wo43RftOA!2e0!7i13312!8i6656",https://patch.com/img/cdn20/users/22924509/20190708/030412/styles/raw/public/processed_images/maple%20ave%20flooding.jpg?width=726,,
location_90,US,New Hampshire,Bow,3304,-71.5288687,43.1741766,,5/1/2006,http://cnhrpc.org/natural-disasters-in-the-central-nh-region/,,,"https://www.google.com/maps/@43.1741766,-71.5288687,3a,75y,260.32h,87.02t/data=!3m6!1e1!3m4!1sP1K2C4DS-vJlz7AF9Z9BGw!2e0!7i16384!8i8192",,,
location_91,US,New Jersey,Neptune Township,7753,-74.0391091,40.1877556,,3/14/2017,https://twitter.com/NeptunePolice/status/841657868046729217/photo/2,6/19/2026,social media,"https://www.google.com/maps/@40.1877556,-74.0391091,3a,39y,145.97h,85.06t/data=!3m6!1e1!3m4!1srJ3KicQhao2GSpKn4yzOsw!2e0!7i13312!8i6656",https://pbs.twimg.com/media/C64rWsTWcAAE_Jv?format=jpg&name=large,,
location_92,US,Texas,Josephine,75164,-96.312143,33.065311,,3/14/2017,https://dfw.cbslocal.com/2015/06/21/homes-flooded-people-animals-rescued-after-heavy-rain-in-collin-county/,7/10/2026,social media,"https://www.google.com/maps/@33.065311,-96.312143,3a,50.3y,340.5h,87.03t/data=!3m6!1e1!3m4!1sXBWCPaoWzVRWiJyCJZtaRw!2e0!7i13312!8i6656",https://pbs.twimg.com/media/C64rVswWoAQ7QmW?format=jpg&name=small,https://x.com/neptunepolice/status/841657868046729217,
location_93,US,Pennsylvania,Yardley,19067,-74.8325211,40.2432297,,3/13/2011,http://arclbcc.blogspot.com/2011/03/photo-from-recent-flooding-in-our-area.html,7/10/2026,news,"https://www.google.com/maps/@40.2432297,-74.8325211,3a,37y,44.08h,82.96t/data=!3m6!1e1!3m4!1s8IpOOmVDg0DMGM6LX2xG5Q!2e0!7i16384!8i8192",https://www.oklahoman.com/gcdn/authoring/2013/06/01/NOKL/ghnewsok_gallery-OK-6028766-41d5511e.jpeg?width=1320&height=824&fit=crop&format=pjpg&auto=webp,https://www.oklahoman.com/picture-gallery/weather/2013/06/01/oklahoma-city-flooding-june-1-2013/6110398007/,
location_94,US,Florida,St. Petersburg,33703,-82.6052548,27.8096715,Hurricane Michael,10/10/2018,https://twitter.com/stpetepd/status/1050201803994947584,6/19/2026,Social media,"https://www.google.com/maps/@27.8096715,-82.6052548,3a,49.4y,188.13h,87.26t/data=!3m7!1e1!3m5!1s36Q8NrIVIcP_QJr9gWe-NA!2e0!6s%2F%2Fgeo3.ggpht.com%2Fcbk%3Fpanoid%3D36Q8NrIVIcP_QJr9gWe-NA%26output%3Dthumbnail%26cb_client%3Dmaps_sv.tactile.gps%26thumb%3D2%26w%3D203%26h%3D100%26yaw%3D189.0896%26pitch%3D0%26thumbfov%3D100!7i16384!8i8192",,,
location_95,US,Pennsylvania,Yardley,19067,-74.841281,40.23836,,3/13/2011,http://arclbcc.blogspot.com/2011/03/photo-from-recent-flooding-in-our-area.html,7/5/2026,American Red Cross,"https://www.google.com/maps/@40.2385131,-74.8413289,3a,53.3y,200.68h,85.24t/data=!3m9!1e1!3m7!1sQ5WOgw4vt9VrExsnJZhDtA!2e0!7i16384!8i8192!9m2!1b1!2i17?entry=ttu",https://blogger.googleusercontent.com/img/b/R29vZ2xl/AVvXsEh9oThuLhCKXureWmPAascVR5yPvkDa49AzvuhU1OA-13g63s2hbgZD-gqVX3s9ztA2uCr4ZjtwsdLVEb393VaSDt8cizDI5zhYHw2sFXpkRxYzoQgwwvOz20COXpYF8xXDPIGij22uji9o/s1600/IMG00252-20110312-0823.jpg,,
location_96,US,Wisconsin,Racine,53405,-87.8055424,42.7297767,,6/12/2008,https://blogs.lcms.org/2008/members-turn-to-each-other-for-help-after-flooding-hits-midwest/,7/5/2026,news,"https://www.google.com/maps/@42.7297767,-87.8055424,3a,45.5y,202.07h,78.15t/data=!3m6!1e1!3m4!1sEqmp6V5_3oVrDxlB2DuzyQ!2e0!7i13312!8i6656",https://reporter.lcms.org/wp-content/uploads/2008/06/6158E17F379A2F7A.gif,,
location_97,US,Illinois,Moline,61265,-90.4866796,41.5146293,,,https://qctimes.com/news/local/crest-not-here-yet-will-latest-flood-fighting-efforts-hold/article_432b87af-7227-5b52-9023-bd2e6da8dc1b.html,7/5/2026,news,"https://www.google.com/maps/@41.5146293,-90.4866796,3a,50.1y,44.87h,82.49t/data=!3m6!1e1!3m4!1sto_CUsKV6LahTjF1fYxmRA!2e0!7i16384!8i8192","https://bloximages.chicago2.vip.townnews.com/qctimes.com/content/tncms/assets/v3/editorial/0/c9/0c9d6ac8-6230-599f-b7cf-ea52720c52c8/5cc783d907395.image.jpg?resize=1200,882",,
location_98,US,Alabama,Fort Payne,35968,-85.7680243,34.4410305,,,https://www.msn.com/en-us/weather/topstories/as-many-as-22-roads-flooded-in-dekalb-county/ar-BBZJmX6,,,"https://www.google.com/maps/@34.4410305,-85.7680243,3a,75y,184.33h,77.85t/data=!3m7!1e1!3m5!1s3l-AXX6ebxIRpG_s4_mqpg!2e0!6s%2F%2Fgeo3.ggpht.com%2Fcbk%3Fpanoid%3D3l-AXX6ebxIRpG_s4_mqpg%26output%3Dthumbnail%26cb_client%3Dmaps_sv.tactile.gps%26thumb%3D2%26w%3D203%26h%3D100%26yaw%3D316.60504%26pitch%3D0%26thumbfov%3D100!7i3328!8i1664",,,
location_99,US,New Jersey,Oradell,7649,-74.0257697,40.9494507,,4/16/2007,https://www.usgs.gov/center-news/summary-april-15-18-2007-flooding-new-jersey?qt-news_science_products=2#qt-news_science_products,7/5/2026,government,"https://www.google.com/maps/@40.9494507,-74.0257697,3a,31.1y,185.84h,81.85t/data=!3m6!1e1!3m4!1sovd4VE6_ux5UyDNHn2_Xog!2e0!7i13312!8i6656",https://d9-wret.s3.us-west-2.amazonaws.com/assets/palladium/production/s3fs-public/styles/side_image/public/thumbnails/image/DSC00305.jpg?itok=9X1Ww3h9,,
location_100,US,Texas,Brookshire,77423,-95.8908807,29.7677954,,4/21/2016,https://www.cbsnews.com/news/flooded-southeast-texas-gets-more-wet-weather/,7/5/2026,news,"https://www.google.com/maps/@29.7677954,-95.8908807,3a,75y,293.17h,70.19t/data=!3m7!1e1!3m5!1sJD6nwDy8PCpVg2sdViO7TA!2e0!6s%2F%2Fgeo1.ggpht.com%2Fcbk%3Fpanoid%3DJD6nwDy8PCpVg2sdViO7TA%26output%3Dthumbnail%26cb_client%3Dmaps_sv.tactile.gps%26thumb%3D2%26w%3D203%26h%3D100%26yaw%3D24.635107%26pitch%3D0%26thumbfov%3D100!7i16384!8i8192",https://grist.org/wp-content/uploads/2016/05/rtx2awaz.jpg?quality=75&strip=all&w=1200,https://grist.org/article/crude-oil-is-flooding-texas-rivers/,
location_101,US,Massachusetts,Peabody,1960,-70.9281923,42.5244305,,10/11/2011,https://patch.com/massachusetts/peabody/federal-aid-or-no,7/5/2026,news,"https://www.google.com/maps/@42.5244305,-70.9281923,3a,75y,344.72h,85.05t/data=!3m7!1e1!3m5!1s_KFKs_yZ8z5rHPzuabMbYQ!2e0!6s%2F%2Fgeo1.ggpht.com%2Fcbk%3Fpanoid%3D_KFKs_yZ8z5rHPzuabMbYQ%26output%3Dthumbnail%26cb_client%3Dmaps_sv.tactile.gps%26thumb%3D2%26w%3D203%26h%3D100%26yaw%3D102.713165%26pitch%3D0%26thumbfov%3D100!7i16384!8i8192",https://patch.com/img/cdn/users/47919/2011/10/raw/fe4aabed0ac64fe04c3c10a03c7b61f2.jpg,,
location_102,US,Louisiana,Mandeville,70448,-90.0701664,30.353864,Hurricane Barry,7/13/2019,https://toronto.citynews.ca/2019/07/13/hurricane-threatens-louisiana/,7/10/2026,news,"https://www.google.com/maps/@30.353864,-90.0701664,3a,54.7y,209.3h,77.05t/data=!3m6!1e1!3m4!1sgwKNWPWHbXYT0ro4k-VulA!2e0!7i16384!8i8192",https://ichef.bbci.co.uk/ace/standard/976/cpsprodpb/13BCE/production/_107864808_055275152.jpg.webp,https://www.bbc.co.uk/newsround/48961292,
location_103,US,Florida,Orlando,32803,-81.3683509,28.5512768,Broken Water Main,10/22/2018,https://bungalower.com/2018/10/22/water-main-break-floods-downtown-neighborhood/,7/5/2026,news,"https://www.google.com/maps/@28.5512768,-81.3683509,3a,41y,269.18h,82.93t/data=!3m7!1e1!3m5!1scsNiGnFeQWqkZZ1wqV7JFg!2e0!6s%2F%2Fgeo3.ggpht.com%2Fcbk%3Fpanoid%3DcsNiGnFeQWqkZZ1wqV7JFg%26output%3Dthumbnail%26cb_client%3Dmaps_sv.tactile.gps%26thumb%3D2%26w%3D203%26h%3D100%26yaw%3D113.603935%26pitch%3D0%26thumbfov%3D100!7i16384!8i8192",https://bungalower.com/wp-content/uploads/2018/10/44581777_2014986008539585_5282595687140163584_n.jpg,,
location_104,US,Oklahoma,Purcell,73080,-97.3680436,35.0042741,,5/24/2015,https://oklahoman.com/gallery/6032307/flood-waters-rise-in-oklahoma,,,"https://www.google.com/maps/@35.0042741,-97.3680436,3a,41.4y,293.37h,81.33t/data=!3m6!1e1!3m4!1sg0wIRcP3piMLizIJyvNlwg!2e0!7i13312!8i6656",https://encrypted-tbn2.gstatic.com/images?q=tbn:ANd9GcTox5My3KIJZ-LqsAqD9iizk91ngQudijKUYRc0bZOqmG0cIz69,https://www.oklahoman.com/story/weather/2015/05/24/28-homes-evacuated-in-purcell-due-to-flooding/60744423007/?gnt-cfr=1&gca-cat=p&gca-uir=true&gca-epti=z1149xxe1149xxv005099d--55--b--55--&gca-ft=210&gca-ds=sophi,
location_105,US,Iowa,Hamburg,51640,-95.6582414,40.6033953,,3/20/2019,https://www.nonpareilonline.com/news/weather/corps-of-engineers-releases-more-water-into-missouri-river-as-snow-melts-in-north/article_dd33b562-50b4-11e9-9639-7bca38611d15.html,7/5/2026,news,"https://www.google.com/maps/@40.6034189,-95.6583243,3a,54.6y,133.75h,84.65t/data=!3m6!1e1!3m4!1s4Rc5SaqhkVeOYYqxZv4ZEw!2e0!7i16384!8i8192?entry=ttu",https://bloximages.chicago2.vip.townnews.com/nonpareilonline.com/content/tncms/assets/v3/editorial/f/b7/fb747160-50b4-11e9-91a3-cb1115368f22/5c9bb19ade14b.image.jpg?resize=1200%2C800,,
location_106,US,Tennessee,Statesville,37184,-86.1251114,36.0194572,,12/23/2017,https://www.newschannel5.com/news/photos-residents-wake-up-to-flooded-roads-saturday#,7/5/2026,youtube,"https://www.google.com/maps/@36.0194572,-86.1251114,3a,37.8y,283.63h,83.22t/data=!3m6!1e1!3m4!1seHSt6G0vk5Wx21qIBljRBw!2e0!7i13312!8i6656",video,https://youtu.be/dCA9ppNhr9s?si=uBwEBRcRSMlLNVM5&t=58,
location_107,US,California,Forestville,95436,-122.895472,38.493306,,1/10/2017,https://www.petaluma360.com/news/6528814-187/falling-trees-mudslides-block-sonoma?artslide=1,7/5/2026,news,"https://www.google.com/maps/@38.493306,-122.895472,3a,15y,43.32h,84.96t/data=!3m6!1e1!3m4!1sKS2TasuKJZrQ4Nx4TOyIhQ!2e0!7i16384!8i8192",https://www.petalumanews.com/wp-content/uploads/migration/2017/01/F3C1AF05-CB1E-47C4-9A11-54290E256A32.jpg?w=1200,,
location_108,US,Indiana,Utica,47130,-85.6527812,38.3358942,,6/19/1997,https://www.sciencephoto.com/media/536686/view/home-flooded-by-ohio-river,7/5/2026,sciencephoto,"https://www.google.com/maps/@38.3358942,-85.6527812,3a,75y,45.99h,69.81t/data=!3m6!1e1!3m4!1sJQXVO4HrHxbysDLpTXoudw!2e0!7i16384!8i8192",https://media.sciencephoto.com/image/c0174324/800wm/C0174324-Home_Flooded_by_Ohio_River.jpg,,
location_109,US,Illinois,Algonquin,60102,-88.2600044,42.1574298,,,https://www.nwherald.com/2018/07/03/officials-address-preparedness-for-mchenry-county-thunderstorms-heat-index/av0qazp/,7/5/2026,news,"https://www.google.com/maps/@42.1574298,-88.2600044,3a,49.5y,187.31h,86.02t/data=!3m6!1e1!3m4!1s8P472ThC0F-OD3E0TYNnEg!2e0!7i16384!8i8192",,,
location_110,US,Ohio,Findlay,45840,-83.6444045,41.0368447,,,https://www.toledoblade.com/news/Weather/2008/02/06/Roadways-flooded-in-the-greater-Findlay-area/stories/200802060012,7/5/2026,news,"https://www.google.com/maps/@41.0368447,-83.6444045,3a,68y,41.78h,87.3t/data=!3m6!1e1!3m4!1sTf1c0QvPu5XkGjVHAMthuA!2e0!7i16384!8i8192",,,
location_111,US,California,Guerneville,95446,-123.0003037,38.5030174,,2/17/2019,https://www.mercurynews.com/2020/02/28/one-year-later-photos-show-guerneville-recovery-from-historic-flood/,7/5/2026,news,"https://www.google.com/maps/@38.5030174,-123.0003037,3a,63.2y,5.17h,73.42t/data=!3m7!1e1!3m5!1scntzJaxNQJoiD3KER5RDew!2e0!6s%2F%2Fgeo1.ggpht.com%2Fcbk%3Fpanoid%3DcntzJaxNQJoiD3KER5RDew%26output%3Dthumbnail%26cb_client%3Dmaps_sv.tactile.gps%26thumb%3D2%26w%3D203%26h%3D100%26yaw%3D205.90166%26pitch%3D0%26thumbfov%3D100!7i16384!8i8192",https://www.mercurynews.com/wp-content/uploads/2020/02/SJM-L-GUERNEVLLIE-0228-23.jpg?w=1280,,
location_112,US,Texas,Houston,77077,-95.6325166,29.7725963,Hurricane Harvey,8/29/2017,https://kinder.rice.edu/2018/01/08/whats-next-for-houston-after-harvey,7/10/2026,news,"https://www.google.com/maps/@29.7725963,-95.6325166,3a,40.4y,36.3h,82.56t/data=!3m6!1e1!3m4!1sK3DWAJIxpXwc9I70hUwGxQ!2e0!7i16384!8i8192",https://i0.wp.com/www.texastribune.org/wp-content/uploads/2024/05/dog_and_people_roll_away_MS_TT.jpg?w=1500&ssl=1,https://www.texastribune.org/2024/05/23/texas-noaa-hurricane-season-forecast/,
location_113,US,Florida,Sarasota,34242,-82.5594949,27.2715668,Tropical Storm Debby,6/25/2012,https://www.youtube.com/watch?v=pFtGkzkmF2w,7/5/2026,youtube,"https://www.google.com/maps/@27.2715668,-82.5594949,3a,47.6y,55.68h,84.01t/data=!3m7!1e1!3m5!1svbvv7_8XRXE7gcGWPMZK1Q!2e0!6s%2F%2Fgeo2.ggpht.com%2Fcbk%3Fpanoid%3Dvbvv7_8XRXE7gcGWPMZK1Q%26output%3Dthumbnail%26cb_client%3Dmaps_sv.tactile.gps%26thumb%3D2%26w%3D203%26h%3D100%26yaw%3D212.21104%26pitch%3D0%26thumbfov%3D100!7i16384!8i8192",,,
location_114,US,California,Huntington Beach,90742,-118.0683754,33.7165658,,12/14/2012,https://www.ocregister.com/2012/12/14/sunset-beach-flooding-damages-homes-cars/,7/5/2026,news,"https://www.google.com/maps/@33.7165658,-118.0683754,3a,26y,235.9h,86.28t/data=!3m6!1e1!3m4!1sXpS2X-w_LRnOQwGt350y0w!2e0!7i16384!8i8192",https://www.ocregister.com/wp-content/uploads/migration/mez/mezitt-b781038075z.120121213114018000gfo1bkbki.2.jpg?w=1200,,
location_115,US,North Carolina,Raleigh,27608,-78.6263995,35.8198683,Hurricane Irma,4/1/2017,https://www.newsobserver.com/news/local/counties/wake-county/article172080362.html,7/5/2026,news,"https://www.google.com/maps/@35.8198683,-78.6263995,3a,36.9y,291.69h,78.55t/data=!3m6!1e1!3m4!1sc-W6-ZZSwEQq7hmfg1kVlw!2e0!7i16384!8i8192",https://encrypted-tbn2.gstatic.com/images?q=tbn:ANd9GcQmEqqSSXwupwhIKXYYL4l-30L2aKOUsRjsMlWRUwJGB5Diwi7Y,https://www.newsobserver.com/news/weather-news/article290798659.html,
location_116,US,Florida,Ridge Manor,33523,-82.2001987,28.4810627,Hurricane Irma,,https://www.wfla.com/news/pasco-county/officials-warning-owners-of-flooded-wells-in-hernando-pasco-not-to-drink-water/,7/5/2026,news,"https://www.google.com/maps/@28.4810627,-82.2001987,3a,42.6y,248.87h,84.47t/data=!3m6!1e1!3m4!1szOM84Vxhvr17XTtVyKJyNg!2e0!7i16384!8i8192",https://www.wfla.com/wp-content/uploads/sites/71/2017/09/riverdalesubdivisionflooded_35317040_ver1.0.jpg?w=1280,,
location_117,US,Illinois,Chester,62233,-89.8334254,37.9043118,,5/30/2019,https://www.gettyimages.co.uk/detail/news-photo/street-signs-along-kaskaskia-street-poke-out-of-floodwater-news-photo/1152674072,7/5/2026,getty images,"https://www.google.com/maps/@37.9043118,-89.8334254,3a,44.6y,258.89h,78.66t/data=!3m6!1e1!3m4!1sSAg0OaxaNonqY2tsC5heoA!2e0!7i13312!8i6656",https://media.gettyimages.com/id/1152674072/photo/midwest-rivers-reach-major-flood-stage-at-historic-levels.jpg?s=2048x2048&w=gi&k=20&c=e7RKNG-5r1KelHMBWM0ml4E6VviOCVfP7pbqblnHCxw=,,
location_118,US,Missouri,Portage Des Sioux,63373,-90.3521133,38.9108218,,1/1/1993,https://www.wunderground.com/cat6/new-study-larger-more-intense-us-storm-complexes-way,7/5/2026,news,"https://www.google.com/maps/@38.9108052,-90.3521343,3a,74.2y,258.37h,83.48t/data=!3m7!1e1!3m5!1s7RUBCivqSxGexGSy9vP4tQ!2e0!5s20221101T000000!7i16384!8i8192?entry=ttu",https://s3.amazonaws.com/s.w-x.co/wu/mississippi-1993-zukosky.jpg,,
location_119,US,Missouri,Portage Des Sioux,63373,-90.3400325,38.9252633,,6/6/2013,https://nara.getarchive.net/media/portage-des-sioux-mo-june-6-2013-flooded-roads-and-intersections-are-a-common-5ae61e,7/5/2026,archive,"https://www.google.com/maps/@38.9252633,-90.3400325,3a,75y,137.16h,73.13t/data=!3m6!1e1!3m4!1sQD_5iGszMW06OC3lbk07wA!2e0!7i3328!8i1664",https://cache.getarchive.net/Prod/thumb/cdn10/L3Bob3RvLzIwMTQvMDkvMjUvcG9ydGFnZS1kZXMtc2lvdXgtbW8tanVuZS02LTIwMTMtZmxvb2RlZC1yb2Fkcy1hbmQtaW50ZXJzZWN0aW9ucy1hcmUtYS1jb21tb24tNWFlNjFlLTEwMjQuanBn/320/213/jpg,,
location_120,US,North Carolina,Fayetteville,28303,-78.9833604,35.0897369,,10/2/2015,https://www.fayobserver.com/article/20151002/NEWS/310029874?template=ampart,7/5/2026,news,"https://www.google.com/maps/@35.0897715,-78.9834038,3a,43.1y,144.3h,80.17t/data=!3m6!1e1!3m4!1scDDTadb2Ku8EL5D6zjDWKw!2e0!7i16384!8i8192?entry=ttu",,,
location_121,US,Texas,Houston,77007,-95.3978203,29.7742558,Hurricane Harvey,8/30/2017,https://roncallimedia.com/4182/uncategorized/alum-covers-the-story-of-harvey/,7/10/2026,news,"https://www.google.com/maps/@29.7742558,-95.3978203,3a,33.3y,106.59h,85.84t/data=!3m6!1e1!3m4!1sFxudum4zyETPwNVFoaEybQ!2e0!7i16384!8i8192",https://s.hdnux.com/photos/01/04/57/04/18018604/4/960x0.webp,https://www.houstonchronicle.com/business/columnists/tomlinson/article/Builders-battle-most-basic-rule-changes-following-14276239.php,
location_122,US,Texas,Beaumont,77713,-94.2327225,30.1600992,Hurricane Harvey,8/30/2017,https://www.beaumontenterprise.com/insider/article/Beaumont-receives-money-to-buy-out-13-15240325.php#photo-16063824,7/5/2026,news,"https://www.google.com/maps/@30.1600992,-94.2327225,3a,75y,29.47h,58.85t/data=!3m6!1e1!3m4!1svzFz3LvMrVVZMyMmP27hWQ!2e0!7i13312!8i6656",https://s.hdnux.com/photos/75/21/65/16063824/4/960x0.webp,,
location_123,US,California,Lakeport,95453,-122.9145334,39.0379789,,,https://www.pressdemocrat.com/news/6696507-181/clear-lake-levels-holding-no?artslide=2,7/5/2026,news,"https://www.google.com/maps/@39.0379789,-122.9145334,3a,15.5y,93.71h,86.52t/data=!3m6!1e1!3m4!1s5M-ffJ3_NnWSFsgtyFlKAg!2e0!7i13312!8i6656",,,
location_124,US,California,Wilton,95693,-121.2238667,38.4086426,,1/11/2017,https://www.ocregister.com/2017/01/11/rescuers-use-boats-jeeps-to-pick-up-flooded-northern-california-residents/,7/5/2026,news,"https://www.google.com/maps/@38.4086426,-121.2238667,3a,75y,300.59h,67.26t/data=!3m6!1e1!3m4!1szamyixx4LXF4l-YKcIZS1A!2e0!7i13312!8i6656",https://www.ocregister.com/wp-content/uploads/migration/ojn/ojnape-b88875547z.120170111182237000gbbl59ef.10.jpg?w=1200,,
location_125,US,California,Monte Rio,95462,-123.0108092,38.4677471,,3/2/2019,https://www.nbcboston.com/news/national-international/california-residents-survey-damage-as-historic-floods-recede/7586/,7/5/2026,news,"https://www.google.com/maps/@38.4677471,-123.0108092,3a,44.5y,85.87h,90.52t/data=!3m6!1e1!3m4!1sBCXYeR0gWIfrBDpmcqlU0Q!2e0!7i16384!8i8192",video,,
location_126,US,Ohio,Barberton,44203,-81.6221084,41.0156894,,7/15/2019,https://www.news5cleveland.com/weather/weather-news/flooding-heavy-rain-earthquake-hit-northeast-ohio-in-24-hour-span,7/5/2026,news,"https://www.google.com/maps/@41.0156894,-81.6221084,3a,39.1y,186.16h,82.05t/data=!3m6!1e1!3m4!1sMvPYh2M08-Ngv3Rrar6W_g!2e0!7i13312!8i6656",video,,
location_127,US,Maryland,Aberdeen,21001,-76.2124294,39.537122,,,https://www.baltimoresun.com/education/bs-md-harford-county-school-bus-20180903-story.html,7/5/2026,news,"https://www.google.com/maps/@39.537122,-76.2124294,3a,87.6y,46.91h,83.3t/data=!3m6!1e1!3m4!1sDbLZDxAh4MANnl8j9hktCA!2e0!7i16384!8i8192",,,
location_128,US,Oklahoma,Kingfisher,73750,-97.9379814,35.8619947,,8/19/2007,https://commons.wikimedia.org/wiki/File:FEMA_-_31644_-_Flooded_neighborhood_with_stop_sign_and_home..jpg,7/5/2026,wikimedia commons,"https://www.google.com/maps/@35.8619947,-97.9379814,3a,75y,92.67h,56.33t/data=!3m6!1e1!3m4!1s0UMe-nlXvOGOGT2BsgBh7Q!2e0!7i13312!8i6656",https://upload.wikimedia.org/wikipedia/commons/thumb/7/77/FEMA_-_31644_-_Flooded_neighborhood_with_stop_sign_and_home..jpg/1920px-FEMA_-_31644_-_Flooded_neighborhood_with_stop_sign_and_home..jpg?_=20091014223241,,"flooded stop sign/the house in the post flood photo is behind the camera, the photo was taken off of 10th street looking at the house, this is the only stop sign with street signs attached to it at this intersection"
location_129,US,Illinois,Rockwood,62280,-89.6712168,37.8276265,,4/1/2019,https://thesouthern.com/news/local/environment/wells-in-flooded-areas-subject-to-contamination/article_64eea296-8718-5fb9-9d10-1c8b547152cf.html,7/5/2026,news,"https://www.google.com/maps/@37.8276265,-89.6712168,3a,17.2y,321.16h,84.54t/data=!3m6!1e1!3m4!1s98o5UYufRdB_dmRzRsCh4Q!2e0!7i16384!8i8192",https://bloximages.chicago2.vip.townnews.com/thesouthern.com/content/tncms/assets/v3/editorial/4/b8/4b88eca1-a84d-550f-83a4-89cfe7548f70/5ca27a2f9b03c.image.jpg,,
location_130,US,Arkansas,Des Arc,72040,-91.5103087,34.9786549,,5/4/2011,https://www.foxnews.com/us/arkansas-major-highway-to-close-due-to-flooding,7/5/2026,news,"https://www.google.com/maps/@34.9786549,-91.5103087,3a,35.9y,345.08h,92.3t/data=!3m6!1e1!3m4!1sJXi5TYcbIKr92UC9-CVt5w!2e0!7i3328!8i1664",https://a57.foxnews.com/static.foxnews.com/foxnews.com/content/uploads/2018/09/1440/810/Arkansas-Flooding-Road-Closure.jpg?ve=1&tl=1,,"flooded stop sign/the stopsign is in the background on the post flood image, the rock retaining wall is in the far background, the Do Not Enter Sign is in the foreground and is behind the camera."
location_131,US,Kentucky,Williamsburg,40769,-84.16422,36.7293576,,2/12/2018,https://www.wkyt.com/content/news/WHITLEY-CO-FLOODING-Officials-keeping-close-eye-on-river-473838353.html,7/5/2026,news,"https://www.google.com/maps/@36.7293576,-84.16422,3a,41y,129.48h,81.55t/data=!3m6!1e1!3m4!1stBpKfaOqpOhP9ztPKYCY9Q!2e0!7i13312!8i6656",https://gray-wkyt-prod.gtv-cdn.com/resizer/v2/HZY4X3RB4JIGJJMJ7N4PW5J5GY.jpg?auth=04651abf6d7192727093ceb0cb5d6f7d8767e780d1bb1a086d10559b2a002bde&width=1600&height=900&smart=true,,
location_132,US,California,Sonoma,95476,-122.4488944,38.2424223,,2/27/2019,https://www.sfchronicle.com/bayarea/article/Widespread-flooding-prompts-school-closures-13650736.php,7/5/2026,news,"https://www.google.com/maps/@38.2424223,-122.4488944,3a,38.1y,154.68h,84.89t/data=!3m6!1e1!3m4!1s2LxNu5omGEzU3JpvOg2TfA!2e0!7i16384!8i8192",https://s.hdnux.com/photos/01/00/63/41/16988282/22/ratio3x2_960.webp,,
location_133,US,Alabama,Jasper,35501,-87.2715195,33.8324306,,,"http://mountaineagle.com/stories/jasper-drainage-project-winding-down,18926",,,"https://www.google.com/maps/@33.8324306,-87.2715195,3a,15.2y,277.69h,85.65t/data=!3m6!1e1!3m4!1sbVgZHrZeC9qUjArJDUFhuA!2e0!7i13312!8i6656",,,"flooded stop sign/the source talks about drainage work being done around the Jasper Civic Center, this is the reason why the post flood image looks different from the current condition. "
location_134,US,Texas,Houston,77084,-95.6396151,29.8431618,Hurricane Harvey,8/30/2017,https://buffalonews.com/2017/08/30/harvey-makes-landfall-tropical-storm-near-cameron-la/,7/5/2026,news,"https://www.google.com/maps/@29.8431618,-95.6396151,3a,39.7y,63.52h,82.2t/data=!3m7!1e1!3m5!1skFu4_tVzSo7P4hBZNaF94g!2e0!6s%2F%2Fgeo3.ggpht.com%2Fcbk%3Fpanoid%3DkFu4_tVzSo7P4hBZNaF94g%26output%3Dthumbnail%26cb_client%3Dmaps_sv.tactile.gps%26thumb%3D2%26w%3D203%26h%3D100%26yaw%3D246.24933%26pitch%3D0%26thumbfov%3D100!7i13312!8i6656",https://bloximages.chicago2.vip.townnews.com/buffalonews.com/content/tncms/assets/v3/editorial/6/04/6042ded1-0975-568b-b980-3f435514b03c/5ef2857049669.image.jpg,,
location_135,US,South Carolina,Socastee,29588,-78.9851905,33.6959006,Hurricane Florence,9/30/2018,https://twitter.com/SCDOTPress/status/1046471297683853317,7/5/2026,social media,"https://www.google.com/maps/@33.6959006,-78.9851905,3a,46.3y,355.24h,79.95t/data=!3m7!1e1!3m5!1sSFLmFFMFKgqrME4v3-7aLQ!2e0!6s%2F%2Fgeo2.ggpht.com%2Fcbk%3Fpanoid%3DSFLmFFMFKgqrME4v3-7aLQ%26output%3Dthumbnail%26cb_client%3Dmaps_sv.tactile.gps%26thumb%3D2%26w%3D203%26h%3D100%26yaw%3D226.31775%26pitch%3D0%26thumbfov%3D100!7i13312!8i6656",https://pbs.twimg.com/media/DoXQF8VW0AYaAQD?format=jpg&name=large,,
location_136,US,Illinois,Spring Bay,61611,-89.5248512,40.8249675,,4/22/2013,https://www.columbian.com/news/2013/apr/23/more-rain-expected-for-swollen-midwest-rivers/,7/5/2026,news,"https://www.google.com/maps/@40.8249675,-89.5248512,3a,75y,315.12h,69.21t/data=!3m6!1e1!3m4!1stycWR2pwbfc38zMppMOkIg!2e0!7i13312!8i6656",https://www.columbian.com/wp-content/uploads/2015/12/Spring_Flooding.JPEG-075e3.jpg,,
location_137,US,Texas,Houston,77066,-95.4890741,29.9483587,Hurricane Harvey,,https://www.wwltv.com/gallery/weather/photos-catastrophic-flooding-across-houston-area/289-468321938,,,"https://www.google.com/maps/@29.9483587,-95.4890741,3a,75y,265.35h,66.12t/data=!3m6!1e1!3m4!1s52GqFaYD9ruegkjeTgEDvw!2e0!7i13312!8i6656",,,24th photo in the scroll
location_138,US,Georgia,Atlanta,30327,-84.4293009,33.8217292,,9/1/2009,https://www.ajc.com/lifestyles/flashback-photos-georgia-floods-september-2009/KHO9h1IPeDtTHBc2XkmVEK/,7/5/2026,news,"https://www.google.com/maps/@33.8217292,-84.4293009,3a,40.5y,10.82h,81.74t/data=!3m6!1e1!3m4!1sqT50NpG7DyxBHKCYgRQf1A!2e0!7i16384!8i8192",https://images.ajc.com/resizer/v2/JLRR4EFV5UZ3VD6MH54XXTHHUQ.jpg?auth=abea916cabfd5c000e6b8add1eba6e4110fe0999f5edda7738eda1af8e0ccfa7&width=2048&height=1512&smart=true,,
location_139,US,South Carolina,Nichols,29581,-79.1477223,34.2479703,Hurricane Matthew,10/11/2016,https://wtop.com/media-galleries/2016/10/photos-devastating-aftermath-of-hurricane-matthew/,7/5/2026,news,"https://www.google.com/maps/@34.2479703,-79.1477223,3a,45y,318.6h,82.12t/data=!3m7!1e1!3m5!1sTnCXlKEVgxg_OZ7cdE6MCw!2e0!6s%2F%2Fgeo0.ggpht.com%2Fcbk%3Fpanoid%3DTnCXlKEVgxg_OZ7cdE6MCw%26output%3Dthumbnail%26cb_client%3Dmaps_sv.tactile.gps%26thumb%3D2%26w%3D203%26h%3D100%26yaw%3D254.66339%26pitch%3D0%26thumbfov%3D100!7i13312!8i6656",https://wtop.com/wp-content/uploads/2016/10/AP_16285711140934-1650x1254.jpg,,image is number 42 in the scroll
location_140,US,North Carolina,Wilmington,28401,-77.9502639,34.2397921,Hurricane Florence,,https://www.starnewsonline.com/news/20180916/new-hanover-county-carolina-beach-kure-beach-still-unaccessible,,,"https://www.google.com/maps/@34.2397921,-77.9502639,3a,46.9y,310.1h,91.44t/data=!3m6!1e1!3m4!1sArdO29Eqg8VjaVdAO32Kpg!2e0!7i13312!8i6656",,,
location_141,US,New Jersey,Garfield,7026,-74.110511,40.8659063,Hurricane Irene,8/31/2011,https://www.flickr.com/photos/jag9889/6101259233,7/5/2026,flickr,"https://www.google.com/maps/@40.8659063,-74.110511,3a,67.5y,265.77h,77.62t/data=!3m6!1e1!3m4!1s4tBBmbYhYSJA3Efm5ddbHQ!2e0!7i16384!8i8192",https://www.flickr.com/photos/jag9889/6101259233/in/photostream/lightbox/,,
location_142,US,Wisconsin,Milwaukee,53211,-87.8878831,43.0728421,Broken Water Main,9/19/2017,https://www.jsonline.com/picture-gallery/news/local/milwaukee/2017/09/19/photos-flooding-on-oakland-ave/105790234/,7/5/2026,news,"https://www.google.com/maps/@43.0728421,-87.8878831,3a,37.8y,260.07h,82.23t/data=!3m6!1e1!3m4!1srgX4uSZQop8rZMTQI9T6Ww!2e0!7i16384!8i8192",https://www.jsonline.com/gcdn/-mm-/bd486f9d28bc8bc989212bd193a5aeaa27c6dfce/c=0-188-4856-2932/local/-/media/2017/09/19/WIGroup/Milwaukee/636414315394734853-Watermain-desisti-sisti-3273-.JPG?width=1320&height=746&fit=crop&format=pjpg&auto=webp,,image is 3rd down
location_143,US,Louisiana,Franklin,70538,-91.5204525,29.7886193,Hurricane Ike,9/13/2008,https://www.cnbc.com/2019/04/24/louisiana-town-moves-to-higher-ground-amid-growing-climate-crisis.html,7/5/2026,news,"https://www.google.com/maps/@29.7886193,-91.5204525,3a,75.4y,273.71h,76.6t/data=!3m7!1e1!3m5!1sFOf0xmzgK36JGSanixk7pQ!2e0!6s%2F%2Fgeo1.ggpht.com%2Fcbk%3Fpanoid%3DFOf0xmzgK36JGSanixk7pQ%26output%3Dthumbnail%26cb_client%3Dmaps_sv.tactile.gps%26thumb%3D2%26w%3D203%26h%3D100%26yaw%3D64.15935%26pitch%3D0%26thumbfov%3D100!7i3328!8i1664",https://image.cnbcfm.com/api/v1/image/105866978-1556045268505ap_080913025443.jpg?v=1556045348&w=1480&h=833&ffmt=webp&vtcrop=y,,
location_144,US,Texas,Houston,77019,-95.3881967,29.7603691,Tropical Storm Allison,6/8/2001,http://www.ssqq.com/stories/flood01.htm,,,"https://www.google.com/maps/@29.7603691,-95.3881967,3a,37.6y,344.27h,87.68t/data=!3m6!1e1!3m4!1s99xP_mi-4criiZZ_w2VYmg!2e0!7i16384!8i8192",https://www.ssqq.com/stories/images/allison%20flood%20x35.jpg,,
location_145,US,Texas,Greenville,75401,-96.1089439,33.1505582,,3/2/2018,https://www.heraldbanner.com/news/heavy-rains-leave-area-flooded/article_e33c1186-1dd2-11e8-9dd6-f7a230777ce2.html,7/5/2026,news,"https://www.google.com/maps/@33.1505582,-96.1089439,3a,43.3y,101.38h,80.46t/data=!3m6!1e1!3m4!1snpoZIthobKFqm-PJc8kBFw!2e0!7i13312!8i6656",https://bloximages.chicago2.vip.townnews.com/heraldbanner.com/content/tncms/assets/v3/editorial/5/40/5402b91a-1dd3-11e8-acbb-a79995956a9c/5a98d55e9380c.image.jpg,,
location_146,US,Iowa,Cedar Rapids,52404,-91.6689805,41.9649264,,6/12/2008,https://www.flickr.com/photos/usgeologicalsurvey/2593476345,7/5/2026,flickr,"https://www.google.com/maps/@41.9649264,-91.6689805,3a,40.9y,109.44h,85.82t/data=!3m6!1e1!3m4!1sof2HwOHTJ-XGOL0NtoEWPA!2e0!7i13312!8i6656",https://www.flickr.com/photos/usgeologicalsurvey/2593476345/in/photostream/lightbox/,,only the one in the foreground is visible
location_147,US,Montana,Billings,59101,-108.4975322,45.7699965,,,https://billingsgazette.com/news/local/water-floods-western-sugar-state-avenue/article_2439b4d4-16a8-11e0-a288-001cc4c03286.html,,,"https://www.google.com/maps/@45.7699965,-108.4975322,3a,75y,180.16h,79.51t/data=!3m6!1e1!3m4!1spdF-G9tJwYfNKH5xt_ZRDQ!2e0!7i13312!8i6656",,,
location_148,US,California,Riverside,92522,-117.3719146,33.9734444,,,https://www.pe.com/2014/09/08/weather-storm-causes-flooding-downed-trees-power-outages/,,,"https://www.google.com/maps/@33.9734444,-117.3719146,3a,75y,220.24h,81.88t/data=!3m7!1e1!3m5!1s2aruJ3BlohUc57OXiVlFIA!2e0!6s%2F%2Fgeo2.ggpht.com%2Fcbk%3Fpanoid%3D2aruJ3BlohUc57OXiVlFIA%26output%3Dthumbnail%26cb_client%3Dmaps_sv.tactile.gps%26thumb%3D2%26w%3D203%26h%3D100%26yaw%3D126.45129%26pitch%3D0%26thumbfov%3D100!7i16384!8i8192",,,bush is not obstructing it
location_149,US,Texas,Houston,77413,-95.7002531,29.8000376,Hurricane Harvey,,https://whdh.com/news/flooded-houston-chemical-plant-could-explode-ceo-says/,,,"https://www.google.com/maps/@29.8000376,-95.7002531,3a,15y,51.96h,86.99t/data=!3m6!1e1!3m4!1sdCsmdwsGceSXbTJKzWmGwQ!2e0!7i16384!8i8192",,,
location_150,US,Pennsylvania,West Pittston,18643,-75.7964387,41.3245232,,,https://m.citizensvoice.com/news/ice-choked-susquehanna-prompts-mandatory-evacuation-in-west-pittston-1.2294297,,,"https://www.google.com/maps/@41.3245232,-75.7964387,3a,68.1y,141.82h,78.83t/data=!3m7!1e1!3m5!1sWOzsFCVKuXQOPKo3MGf8wQ!2e0!6s%2F%2Fgeo3.ggpht.com%2Fcbk%3Fpanoid%3DWOzsFCVKuXQOPKo3MGf8wQ%26output%3Dthumbnail%26cb_client%3Dmaps_sv.tactile.gps%26thumb%3D2%26w%3D203%26h%3D100%26yaw%3D97.9824%26pitch%3D0%26thumbfov%3D100!7i16384!8i8192",,,
location_151,US,Indiana,Princeton,47670,-87.6870516,38.3552016,,12/21/2013,https://www.14news.com/story/24278956/heavy-rains-cause-flooded-tri-state-roadways/,7/6/2026,news,"https://www.google.com/maps/@38.3552016,-87.6870516,3a,17.7y,9.63h,89.07t/data=!3m6!1e1!3m4!1sGIEApLneQ5qis1Ca6bOCTA!2e0!7i13312!8i6656",https://gray-wfie-prod.gtv-cdn.com/resizer/v2/RH36B2SR7BCIPK5W7ILWEBTLEM.jpg?auth=c5280b0980f6d568f000e01940e08bedeea9e6e3a1f8eaf16d9e6f2b4e66e85d&width=1300&height=732&smart=true,,
location_152,US,Maryland,Baltimore,21229,-76.696898,39.2811932,,,https://www.baltimoresun.com/weather/bs-md-ci-city-flooding-20180529-story.html,7/15/2026,news,"https://www.google.com/maps/@39.2811932,-76.696898,3a,36y,29.59h,78.84t/data=!3m6!1e1!3m4!1s9DbntGWwuC4j_ko20BIMSw!2e0!7i16384!8i8192",https://thrivingearthexchange.org/wp-content/uploads/2024/10/baltimore.jpeg,https://thrivingearthexchange.org/project/baltimore-md-2/,
location_153,US,California,Marin City,94965,-122.50922,37.8711566,,2/13/2019,https://www.marinij.com/2019/02/13/marin-flooding-widespread-with-more-rain-coming/,7/6/2026,news,"https://www.google.com/maps/@37.8711566,-122.50922,3a,37.8y,27.66h,80.81t/data=!3m6!1e1!3m4!1sA_aac_aM9M9_KPBIraLUQQ!2e0!7i16384!8i8192",https://www.marinij.com/wp-content/uploads/2019/02/MIJ-L-STORM-0214-02.jpg?w=810,,
location_154,US,Georgia,Dublin,31027,-82.8870801,32.5306263,,12/27/2015,https://wgxa.tv/news/local/flood-levels-in-dublin-continue-to-rise,7/6/2026,news,"https://www.google.com/maps/@32.5306263,-82.8870801,3a,75y,249.19h,85.14t/data=!3m6!1e1!3m4!1ssZXRMdXMj19U6bEU-bIlbw!2e0!7i13312!8i6656",https://wgxa.tv/resources/media/5acb9359-dba2-41e1-9487-c428e5a2ec90-large16x9_DublinSunday.JPG?1451257564357,,
location_155,US,Connecticut,Meriden,6450,-72.7967995,41.5394989,,,https://www.myrecordjournal.com/News/State/Flash-flood-warning-issued.html#gallery-3,,,"https://www.google.com/maps/@41.5394989,-72.7967995,3a,40.9y,161.07h,83.95t/data=!3m7!1e1!3m5!1szwuh-NtV8aCxFP-cJH0DAw!2e0!6s%2F%2Fgeo3.ggpht.com%2Fcbk%3Fpanoid%3Dzwuh-NtV8aCxFP-cJH0DAw%26output%3Dthumbnail%26cb_client%3Dmaps_sv.tactile.gps%26thumb%3D2%26w%3D203%26h%3D100%26yaw%3D303.37534%26pitch%3D0%26thumbfov%3D100!7i13312!8i6656",,,
location_156,US,Oklahoma,Miami,74354,-94.872044,36.8900498,,5/1/2019,https://www.koamnewsnow.com/miami-okla-residents-recover-after-storm-hits-area/,7/6/2026,news,"https://www.google.com/maps/@36.8900498,-94.872044,3a,47.8y,122.92h,87.84t/data=!3m6!1e1!3m4!1sUE5x93p8mmaFT7gpcQhi9g!2e0!7i13312!8i6656",https://bloximages.newyork1.vip.townnews.com/koamnewsnow.com/content/tncms/assets/v3/editorial/4/99/499915c1-ddc2-5897-aa38-d84529e38c85/639298a8149f1.image.jpg,,
location_157,US,Maryland,Annapolis,21411,-76.486571,38.9760689,,,https://twitter.com/josephporcelli/status/1183117727742988288,,,"https://www.google.com/maps/@38.9760689,-76.486571,3a,75y,53.54h,85.05t/data=!3m7!1e1!3m5!1s-Xzt3tCxyF57SN2phVeDdQ!2e0!6s%2F%2Fgeo2.ggpht.com%2Fcbk%3Fpanoid%3D-Xzt3tCxyF57SN2phVeDdQ%26output%3Dthumbnail%26cb_client%3Dmaps_sv.tactile.gps%26thumb%3D2%26w%3D203%26h%3D100%26yaw%3D61.5986%26pitch%3D0%26thumbfov%3D100!7i16384!8i8192",,,
location_158,US,Florida,Tarpon Springs,34689,-82.7602179,28.1554439,Tropical Storm Colin,6/6/2016,https://www.wuft.org/news/2016/06/06/power-outages-flooding-in-fla-due-to-tropical-storm-colin/,7/6/2026,news,"https://www.google.com/maps/@28.1554439,-82.7602179,3a,75y,25.9h,77.92t/data=!3m6!1e1!3m4!1sLFgGrVZQ99YlekE9YN2JOA!2e0!7i16384!8i8192",https://npr.brightspotcdn.com/dims4/default/52b7692/2147483647/strip/true/crop/3000x2000+0+0/resize/1760x1174!/format/webp/quality/90/?url=http%3A%2F%2Fnpr-brightspot.s3.amazonaws.com%2Flegacy%2Fnews%2Ffiles%2F2016%2F06%2FAPTOPIX-Tropical-Weat_Gree-1.jpg,,
location_159,US,South Carolina,Nichols,29581,-79.143191,34.2300733,Hurricane Florence,9/20/2018,https://www.postandcourier.com/photo_galleries/florence-flooding-puts-nichols-sc-underwater-again/collection_bb512c18-bd02-11e8-9dc5-e39efe88ab1f.html#20,7/15/2026,news,"https://www.google.com/maps/@34.2300733,-79.143191,3a,43.1y,240.38h,84.45t/data=!3m6!1e1!3m4!1soUJRx-R_i_9c8j9KIqON_Q!2e0!7i13312!8i6656",https://bloximages.newyork1.vip.townnews.com/postandcourier.com/content/tncms/assets/v3/editorial/a/57/a572a140-bd18-11e8-a0bc-e34fa5fc1dac/5ba40b2abdeed.image.jpg?resize=750%2C500,https://www.postandcourier.com/news/destruction-from-hurricane-florence-could-top-1-2b-in-s-c-s-pee-dee-region/article_ba70e3d8-bcf8-11e8-80e3-8b093fb395b4.html,
location_160,US,Indiana,Goshen,46526,-85.8441811,41.5889358,,2/19/2018,https://www.weather.gov/iwx/Flooding_February2018,7/6/2026,government,"https://www.google.com/maps/@41.5889358,-85.8441811,3a,15y,176.09h,84.76t/data=!3m6!1e1!3m4!1sNzkUB2BbtWAhqkdsCMKNQQ!2e0!7i13312!8i6656",https://www.weather.gov/images/iwx/events/2018/Flooding_20180220/GHSWeather_RogersPark2_20180220.jpg,,"click on the photos tab in the source to find the photo./this is the correct stop sign, counldn't get any closer to it, the power line next to it is obstructed by the building."
location_161,US,California,San Diego,92107,-117.2519691,32.7489622,,1/6/2016,https://www.youtube.com/watch?v=SyT1W0jKejQ,7/6/2026,youtube,"https://www.google.com/maps/@32.7489622,-117.2519691,3a,36y,231.14h,78.57t/data=!3m7!1e1!3m5!1sHwQnVM9vqAVwItxWF4FZDQ!2e0!6s%2F%2Fgeo0.ggpht.com%2Fcbk%3Fpanoid%3DHwQnVM9vqAVwItxWF4FZDQ%26output%3Dthumbnail%26cb_client%3Dmaps_sv.tactile.gps%26thumb%3D2%26w%3D203%26h%3D100%26yaw%3D200.2188%26pitch%3D0%26thumbfov%3D100!7i16384!8i8192",youtube video,,
location_162,US,Texas,Vidor,77662,-94.0303694,30.1896867,Hurricane Harvey,9/1/2017,https://juliedermansky.photoshelter.com/image/I0000tw78ELj87QA,7/6/2026,archive,"https://www.google.com/maps/@30.1896867,-94.0303694,3a,23.4y,358.88h,85.7t/data=!3m7!1e1!3m5!1scTxDujgJ1FKebTpkWwgA_Q!2e0!6s%2F%2Fgeo0.ggpht.com%2Fcbk%3Fpanoid%3DcTxDujgJ1FKebTpkWwgA_Q%26output%3Dthumbnail%26cb_client%3Dmaps_sv.tactile.gps%26thumb%3D2%26w%3D203%26h%3D100%26yaw%3D101.99711%26pitch%3D0%26thumbfov%3D100!7i13312!8i6656",https://www.jsdart.com/img/pixel.gif,,
location_163,US,South Carolina,Georgetown,29440,-79.2911296,33.3767108,,10/7/2015,https://www.koin.com/news/historic-sc-floods-heavy-rain-hundreds-rescued/,7/15/2026,news,"https://www.google.com/maps/@33.3767108,-79.2911296,3a,15y,314.12h,85.62t/data=!3m6!1e1!3m4!1sgofllhFppWbdwfdLzbax7Q!2e0!7i13312!8i6656",https://www.newscientist.com/wp-content/uploads/2015/10/mg22830423.500-1_800.jpg?w=840,https://www.newscientist.com/article/2060790-south-carolina-floods-are-a-once-in-a-millennium-event/,
location_164,US,Missouri,Fenton,63026,-90.5055726,38.5319631,,5/4/2017,https://abcnews.go.com/US/video/girl-bikes-flooded-streets-missouri-47205081,7/6/2026,news,"https://www.google.com/maps/@38.5319631,-90.5055726,3a,36.9y,5.73h,84.3t/data=!3m6!1e1!3m4!1sznQb32FqYP9B3O8JkZoecQ!2e0!7i13312!8i6656",https://s.abcnews.com/images/US/170504_abc_social_flood_bike_16x9_992.jpg?w=992,,
location_165,US,Massachusetts,Lynn,1904,-70.9532674,42.4568362,,,https://www.telemundonuevainglaterra.com/fotosyvideos/lluvias-causan-inundaciones-severas-en-lynn/15391/,,,"https://www.google.com/maps/@42.4568362,-70.9532674,3a,75y,88.85h,82.8t/data=!3m6!1e1!3m4!1s0-EfFvM8raIGqcxLapr84w!2e0!7i13312!8i6656",,,image 14/32
location_166,US,Louisiana,Haughton,71037,-93.5813736,32.5603589,,3/9/2016,https://www.ksla.com/story/31425560/national-guard-troops-help-rescue-people-from-flooded-areas/,7/6/2026,news,"https://www.google.com/maps/@32.5603589,-93.5813736,3a,43.1y,214.67h,75.42t/data=!3m6!1e1!3m4!1seXcpOdL5G38chDdwAWoFKg!2e0!7i13312!8i6656",https://gray-ksla-prod.gtv-cdn.com/resizer/v2/FJKIDXRH2ZHUTHDFCAIWJAGWS4.jpg?auth=bed57b6117622c1f466512d476c394e9398f1e2ed3dbde57a75e6abed65a5813&width=1300&height=975&smart=true,,
location_167,US,Massachusetts,Scituate,2066,-70.7366182,42.2145666,,1/4/2018,https://abcnews.go.com/US/snowstorm-floods-boston-harbor-coastal-massachusetts-streets-icy/story?id=52142213,7/6/2026,news,"https://www.google.com/maps/@42.2145666,-70.7366182,3a,75y,220.35h,74.87t/data=!3m6!1e1!3m4!1sUQd3d0-uyPLTaI8ucUULrQ!2e0!7i13312!8i6656",https://s.abcnews.com/images/US/mass-flooding-winter-storm-ap-ps-180104.jpg,,
location_168,US,Ohio,New Richmond,45157,-84.2799034,38.9468948,,2/26/2018,https://www.youtube.com/watch?v=jDAZ4O74gRY,7/6/2026,youtube,"https://www.google.com/maps/@38.9468948,-84.2799034,3a,41y,248.96h,75.71t/data=!3m7!1e1!3m5!1soQBNh9O6UrhDsI5gbKpJow!2e0!6s%2F%2Fgeo3.ggpht.com%2Fcbk%3Fpanoid%3DoQBNh9O6UrhDsI5gbKpJow%26output%3Dthumbnail%26cb_client%3Dmaps_sv.tactile.gps%26thumb%3D2%26w%3D203%26h%3D100%26yaw%3D27.718107%26pitch%3D0%26thumbfov%3D100!7i13312!8i6656",youtube video,,
location_169,US,Utah,St. George,84770,-113.5750765,37.1013223,,11/5/2018,https://amerisurv.com/2018/11/05/flashy-but-not-in-a-good-way/,7/6/2026,news,"https://www.google.com/maps/@37.1013223,-113.5750765,3a,41.7y,105.14h,82.4t/data=!3m6!1e1!3m4!1s59K0n3g-xD444as-jQLLNg!2e0!7i16384!8i8192",https://amerisurv.com/wp-content/uploads/2018/11/IMG_2185.jpg,,
location_170,US,Iowa,Oakville,52646,-91.0422687,41.0974532,,6/18/2008,https://www.gettyimages.com/detail/news-photo/street-signs-are-submerged-by-the-mississippi-river-june-18-news-photo/81628070,7/6/2026,getty images,"https://www.google.com/maps/@41.0974532,-91.0422687,3a,75y,120.57h,64.68t/data=!3m6!1e1!3m4!1s0n_qqa3H-ZWpL1NnBLp6bw!2e0!7i13312!8i6656",https://media.gettyimages.com/id/81628070/photo/mississippi-river-towns-brace-for-major-flooding.jpg?s=1024x1024&w=gi&k=20&c=4CpJ2MU5Cfg_eah6ZVvhmR4q2P1UEsE1Ufbx_rDc8xU=,,
location_171,US,Maryland,Ellicott City,21043,-76.7959668,39.267551,,,https://www.baltimoresun.com/weather/bs-md-ellicott-city-flooding-timeline-20180530-story.html,,,"https://www.google.com/maps/@39.267551,-76.7959668,3a,35.7y,152.72h,83.95t/data=!3m7!1e1!3m5!1s5--716omEtQGIavxGW9oLA!2e0!6s%2F%2Fgeo0.ggpht.com%2Fcbk%3Fpanoid%3D5--716omEtQGIavxGW9oLA%26output%3Dthumbnail%26cb_client%3Dmaps_sv.tactile.gps%26thumb%3D2%26w%3D203%26h%3D100%26yaw%3D168.12962%26pitch%3D0%26thumbfov%3D100!7i16384!8i8192",,,
location_172,US,Texas,Houston,77015,-95.2023072,29.7734251,Hurricane Harvey,8/30/2017,https://www.deseret.com/2017/8/30/20618650/utah-task-force-faces-new-challenges-in-harvey-s-wake#a-stop-sign-is-nearly-submerged-from-tropical-storm-harvey-in-houston-on-wednesday-aug-30-2017,7/6/2026,news,"https://www.google.com/maps/@29.7734251,-95.2023072,3a,15.5y,20.61h,86.09t/data=!3m6!1e1!3m4!1sOygJ1KhZ-2Xm9k0MRy0clQ!2e0!7i16384!8i8192","https://www.deseret.com/resizer/v2/RQH763KMRXXFOXRAAPXDM3IRWU.jpg?auth=3672ff5b20c6fa33bbb97f85c582ea56dd2ccee474d00138922f05d196cfc518&width=1000&height=565&focal=0,0&quality=90",,
location_173,US,Michigan,Midland,48640,-84.2455372,43.6120374,2020 Flooding,5/21/2020,https://www.the-sun.com/news/864761/michigan-governor-begs-trump-help-500-year-flood/,7/6/2026,news,"https://www.google.com/maps/@43.6120374,-84.2455372,3a,75y,242.46h,84t/data=!3m6!1e1!3m4!1sxU3q0OnoCf_R7P8CMJV7Ew!2e0!7i13312!8i6656","https://www.the-sun.com/wp-content/uploads/sites/6/2020/05/NINTCHDBPICT000584208493.jpg?resize=2048,1292&quality=90&strip=all",,
location_174,US,Missouri,Fenton,63026,-90.4324375,38.5119038,2020 Flooding,4/27/2020,https://iowafloodcenter.org/spring-flooding-and-covid-19-collide-in-the-midwest-challenges-and-considerations-for-local-governments/,7/15/2026,American flood coalition,"https://www.google.com/maps/@38.5119038,-90.4324375,3a,75y,159.56h,83.27t/data=!3m7!1e1!3m5!1sofIGyXVBLpSkfsP-01yVTA!2e0!6s%2F%2Fgeo0.ggpht.com%2Fcbk%3Fpanoid%3DofIGyXVBLpSkfsP-01yVTA%26output%3Dthumbnail%26cb_client%3Dmaps_sv.tactile.gps%26thumb%3D2%26w%3D203%26h%3D100%26yaw%3D321.01147%26pitch%3D0%26thumbfov%3D100!7i16384!8i8192",https://miro.medium.com/max/1400/1*4_O3Ph3ZFpt3ogURuVut_Q.jpeg,https://floodcoalition.org/spring-flooding-and-covid-19-collide-in-the-midwest-challenges-and-considerations-for-local-governments/,
location_175,US,Texas,League City,77573,-95.1155433,29.5067404,Hurricane Harvet,8/28/2017,https://stock.adobe.com/images/flooded-stop-sign-in-houston-texas-during-hurricane-harvey/169884307,7/6/2026,adobe stock,"https://www.google.com/maps/@29.5067404,-95.1155433,3a,32.6y,260.41h,86.75t/data=!3m6!1e1!3m4!1sbbcK9e8LpLslLRNpCar0_A!2e0!7i16384!8i8192",https://as2.ftcdn.net/jpg/01/69/88/43/1000_F_169884307_7sVPnfpR9FHxbQF1MCnztyFQdyJEPjJN.jpg,,
location_176,US,Louisiana,Erath,70533,-92.0440812,29.9540659,Hurricane Laura,8/28/2020,https://blogs.ei.columbia.edu/2020/08/28/hurricane-laura-environmental-justice/,7/6/2026,news,"https://www.google.com/maps/@29.9540659,-92.0440812,3a,75y,151.05h,75.25t/data=!3m6!1e1!3m4!1syALE7NrMhFpDf1rwhqdlgA!2e0!7i16384!8i8192",https://media.news.climate.columbia.edu/wp-content/uploads/2020/08/50275689783_3f3a8b9f2c_c.avif,,
location_177,US,Ohio,Middleburg Heights,44130,-81.8041808,41.3740394,2020 Flooding,5/15/2020,https://fox8.com/photo-galleries/photos-flooding-closes-roads-in-north-ridgeville-oberlin/,7/6/2026,news,"https://www.google.com/maps/@41.3740394,-81.8041808,3a,49.4y,141.01h,78.49t/data=!3m6!1e1!3m4!1sE3sx-yeLiJv5Kq_oTYYOHA!2e0!7i16384!8i8192",https://fox8.com/wp-content/uploads/sites/12/2020/05/20200515_180742.jpg?w=900,,
location_178,US,Pennsylvania,Newtown,18940,-74.9335886,40.2264473,2018 Flooding,5/27/2018,https://patch.com/pennsylvania/newtown-pa/streets-flooded-newtown-borough,7/6/2026,news,"https://www.google.com/maps/@40.2264473,-74.9335886,3a,75y,96.08h,71.71t/data=!3m6!1e1!3m4!1sGGjhs8QP4Jb0rF0ZdobMdw!2e0!7i16384!8i8192",https://patch.com/img/cdn20/users/127196/20180527/093603/styles/raw/public/processed_images/flooding-1527428158-2503.jpg?width=1200,,
location_179,US,South Carolina,Conway,29562,-79.0465574,33.8530997,Hurricane Florence,10/1/2018,https://www.desmogblog.com/2018/10/01/hurricane-florence-historic-flooding-south-carolina-climate-change,7/6/2026,news,"https://www.google.com/maps/@33.8530997,-79.0465574,3a,70y,58.87h,78.66t/data=!3m6!1e1!3m4!1sirUIAIJst6-o1KaaDEf9eg!2e0!7i13312!8i6656",https://www.desmog.com/wp-content/uploads/2021/03/602A3679-Edit.jpg,,
location_180,US,South Carolina,Charleston,29414,-80.0684584,32.8383699,2015 Flooding,8/31/2015,https://twitter.com/bbontv/status/638338152491536384,7/6/2026,social media,"https://www.google.com/maps/@32.8383699,-80.0684584,3a,37.3y,236.89h,80.35t/data=!3m6!1e1!3m4!1sA-p9eAzbz1RJX8FRrm3lkA!2e0!7i13312!8i6656",https://pbs.twimg.com/media/CNvVKG-UcAIfEou?format=jpg&name=medium,,
location_181,US,Alabama,Mobile,36606,-88.0816731,30.6746659,Event not available,,https://in.pinterest.com/pin/383509724498440059/,7/6/2026,pinterest,"https://www.google.com/maps/@30.6746659,-88.0816731,3a,31.4y,91.9h,84.16t/data=!3m6!1e1!3m4!1sg4GmZU62ZKvq-8pn617tJA!2e0!7i13312!8i6656",https://i.pinimg.com/736x/84/e6/a8/84e6a8e8f104e80dbec53f7c08f0edb9.jpg,,
location_182,US,Texas,Orange,77630,-93.7274595,30.0932102,Hurricane Laura,8/27/2020,https://www.nytimes.com/2020/08/27/us/hurricane-laura-damage.html,7/6/2026,news ,"https://www.google.com/maps/@30.0932102,-93.7274595,3a,16.8y,127.08h,85.33t/data=!3m6!1e1!3m4!1s0Okm1zS9zlYH4ieEGjxD-Q!2e0!7i13312!8i6656",https://static01.nyt.com/images/2020/08/27/us/27hurricane14/merlin_176243010_6a5557d2-67f2-4405-9732-6711c8702903-superJumbo.jpg?quality=75&auto=webp,,
location_183,US,California,Lakeport,95453,-122.9134308,39.0358122,2017 Flooding,2/16/2017,https://www.record-bee.com/2017/02/16/flooded-market/,7/6/2026,news ,"https://www.google.com/maps/@39.0358122,-122.9134308,3a,43.1y,109.67h,84.28t/data=!3m6!1e1!3m4!1s7oqM0E5WPG7YAHDwHvQCxg!2e0!7i13312!8i6656",https://www.record-bee.com/wp-content/uploads/migration/2017/201702/NEWS_170219966_AR_0_GWILSSHTORWD.jpg?w=1200,,
location_184,US,Missouri,Louisiana,63353,-91.0511737,39.445414,Event not available,,https://focusedcollection.com/179969070/stock-photo-flooded-street-stop-road-sign.html,7/6/2026,archive,"https://www.google.com/maps/@39.445414,-91.0511737,3a,41.3y,160.61h,80.46t/data=!3m7!1e1!3m5!1sRzkJbVioVJSIz_d_iMuWeQ!2e0!6s%2F%2Fgeo2.ggpht.com%2Fcbk%3Fpanoid%3DRzkJbVioVJSIz_d_iMuWeQ%26output%3Dthumbnail%26cb_client%3Dmaps_sv.tactile.gps%26thumb%3D2%26w%3D203%26h%3D100%26yaw%3D134.14198%26pitch%3D0%26thumbfov%3D100!7i13312!8i6656",https://st.focusedcollection.com/14144030/i/650/focused_179969070-stock-photo-flooded-street-stop-road-sign.jpg,,
location_185,US,Florida,Pensacola,32501,-87.2045741,30.4131875,Hurricane Sally,9/16/2020,https://services.arcgis.com/0ZRg6WRC7mxSLyKX/arcgis/rest/services/2020_Disasters_Crowdsourced_Photos_Current_Incident/FeatureServer/0/2524/attachments/2550,7/6/2026,arcgis ,"https://www.google.com/maps/@30.4131875,-87.2045741,3a,42.5y,274.03h,82.4t/data=!3m6!1e1!3m4!1sOe0wcUzTlNMV87byk-cAnw!2e0!7i16384!8i8192",https://services.arcgis.com/0ZRg6WRC7mxSLyKX/arcgis/rest/services/2020_Disasters_Crowdsourced_Photos_Current_Incident/FeatureServer/0/2524/attachments/2550,,
location_186,US,Wisconsin,Portage,53901,-89.4470275,43.5362642,2020 Flooding,8/30/2020,https://spectrumnews1.com/wi/madison/news/2020/08/30/flash-flooding-hits-portage--washing-out-streets-,7/6/2026,news,"https://www.google.com/maps/@43.5362642,-89.4470275,3a,37.4y,129.48h,83.73t/data=!3m6!1e1!3m4!1sAVl6wyNbHreNIjgsyJw9Xw!2e0!7i13312!8i6656",video,,
location_187,US,Louisiana,New Orleans,70124,-90.1051713,30.0270958,Hurricane Sally,9/15/2020,https://www.nola.com/multimedia/photos/collection_d8248a72-f7a9-11ea-832e-7f2458f8ebc1.html#2,7/6/2026,news,"https://www.google.com/maps/@30.0270958,-90.1051713,3a,48.8y,13.52h,83.15t/data=!3m6!1e1!3m4!1sy67ZMNZfJY2G53PY5yFLJg!2e0!7i16384!8i8192",https://bloximages.newyork1.vip.townnews.com/nola.com/content/tncms/assets/v3/editorial/1/9e/19e95d38-290f-5d9d-bfc6-45f6a0246997/5f613ce5d37a8.image.jpg,,
location_188,US,Mississippi,Biloxi,39530,-88.9002038,30.411848,Tropical Storm Cristobol,6/6/2020,https://www.wlox.com/2020/06/06/flood-warning-issued-near-two-rivers-harrison-county/,7/6/2026,news,"https://www.google.com/maps/@30.411848,-88.9002038,3a,75y,27.43h,70.84t/data=!3m6!1e1!3m4!1smWwin5_C-NaH-yovPzaCdw!2e0!7i13312!8i6656",video,,
location_189,US,Texas,Orange,77630,-93.7298629,30.0929257,Hurricane Laura,,https://tekdeeps.com/at-least-six-deaths-and-significant-damage-in-the-us-from-hurricane-laura-now/,,,"https://www.google.com/maps/@30.0929257,-93.7298629,3a,40.7y,19.87h,81.94t/data=!3m6!1e1!3m4!1sE6wMwpm0VlVjT7qop4A9ZA!2e0!7i13312!8i6656",,,
location_190,US,Virginia,Radford,24141,-80.5661216,37.140821,May 2020 Flooding,5/21/2020,https://www.wsls.com/news/local/2020/05/21/new-river-forecasted-to-reach-major-flood-stage-in-radford/,7/6/2026,news,"https://www.google.com/maps/@37.140821,-80.5661216,3a,75y,348.37h,62.08t/data=!3m7!1e1!3m5!1svOojmNPTKCnXtEl7GRJ1Bg!2e0!6s%2F%2Fgeo3.ggpht.com%2Fcbk%3Fpanoid%3DvOojmNPTKCnXtEl7GRJ1Bg%26output%3Dthumbnail%26cb_client%3Dmaps_sv.tactile.gps%26thumb%3D2%26w%3D203%26h%3D100%26yaw%3D131.58409%26pitch%3D0%26thumbfov%3D100!7i13312!8i6656",blob:https://excel.officeapps.live.com/0af891a8-c96a-4bf4-ad94-307d8d3c0e56,,
location_191,US,Florida,St. Marks,32355,-84.2035305,30.1548305,February 2019 Flooding,2/20/2019,https://www.businessinsider.com/flooding-sea-level-rise-cost-town-100000s-in-lost-income-2019-2,7/6/2026,news,"https://www.google.com/maps/@30.1548305,-84.2035305,3a,75y,160.59h,78.34t/data=!3m7!1e1!3m5!1srGuGk4vOeUddn8gKJQaItA!2e0!6s%2F%2Fgeo3.ggpht.com%2Fcbk%3Fpanoid%3DrGuGk4vOeUddn8gKJQaItA%26output%3Dthumbnail%26cb_client%3Dmaps_sv.tactile.gps%26thumb%3D2%26w%3D203%26h%3D100%26yaw%3D348.0885%26pitch%3D0%26thumbfov%3D100!7i13312!8i6656",https://i.insider.com/5c6c9cbedde8674faa2ebfaa?width=2000&format=jpeg&auto=webp,,
location_192,US,Wisconsin,Burlington,53105,-88.2739832,42.6779111,2017 Flooding,,https://www.wisbank.com/articles/2018/11/when-disaster-strikes-three-wisconsin-banks-share-their-stories-of-recovery/,,,"https://www.google.com/maps/@42.6779111,-88.2739832,3a,75y,69.76h,90t/data=!3m7!1e1!3m5!1sAOA0arbtgGQKDDtsTa3GfA!2e0!6s%2F%2Fgeo2.ggpht.com%2Fcbk%3Fpanoid%3DAOA0arbtgGQKDDtsTa3GfA%26output%3Dthumbnail%26cb_client%3Dmaps_sv.tactile.gps%26thumb%3D2%26w%3D203%26h%3D100%26yaw%3D63.363148%26pitch%3D0%26thumbfov%3D100!7i13312!8i6656",,,
location_193,US,Colorado,Longmont,80501,-105.1222258,40.1339469,Flooding,9/15/2013,https://www.mytowncolorado.com/profiles/blogs/storm-chasing-during-boulder-s-100-year-flood,7/6/2026,blog,"https://www.google.com/maps/@40.1339469,-105.1222258,3a,75y,223.14h,86.6t/data=!3m6!1e1!3m4!1sXaAwJplk6xQG4oawltgyoQ!2e0!7i16384!8i8192",http://susielindau.files.wordpress.com/2013/09/jessica-farris-creekside-3.jpg?w=500,,
location_194,US,Indiana,Hebron,46341,-87.2003981,41.3339124,Flooding,6/15/2015,https://www.chicagotribune.com/suburbs/post-tribune/ct-ptb-porter-county-flooding-st-0616-20150615-story.html,7/6/2026,news,"https://www.google.com/maps/@41.3339124,-87.2003981,3a,43.2y,247.82h,80.81t/data=!3m6!1e1!3m4!1sYOTJlta49B1SOuB9UtFHXg!2e0!7i16384!8i8192",https://www.chicagotribune.com/wp-content/uploads/migration/2015/06/15/FYMGLB7HJBD2DJWUK67TDITH2Y.jpg?w=1200,,
location_195,US,Florida,Pensacola,32502,-87.2132693,30.4077006,Hurricane Sally,9/16/2020,https://www.fireengineering.com/2020/09/16/493676/hurricane-sally-unleashes-flooding-along-the-gulf-coast/#gref,7/15/2026,news,"https://www.google.com/maps/@30.4077006,-87.2132693,3a,46.2y,110.4h,89.42t/data=!3m6!1e1!3m4!1syBO7TRaBLfteAIi_dEt5xQ!2e0!7i16384!8i8192",https://s.abcnews.com/images/US/hurricane-sally11-ap-ml-200916_1600278547852_hpEmbed_3x2_992.jpg?w=992,https://www.goodmorningamerica.com/news/story/slow-moving-hurricanes-sally-dangerous-73045240,
location_196,US,Minnesota,Minneapolis,55407,-93.2511242,44.9157142,Minnehaha Creek Flooding,6/19/2014,https://minneapolisparkhistory.com/2014/06/19/minnehaha-falls-and-creek-flood-stage/,7/6/2026,news,"https://www.google.com/maps/@44.9157142,-93.2511242,3a,30.2y,193.9h,84.03t/data=!3m6!1e1!3m4!1sIZcaGEjJnajhwCcMavoMDQ!2e0!7i16384!8i8192",https://minneapolisparkhistory.com/wp-content/uploads/2014/06/2014-06-19-minnehaha-creek-at-16th-ave-rev.jpg?w=960,,
location_197,US,Michigan,Detroit,48219,-83.229017,42.4100396,January Flooding,1/12/2020,https://www.freep.com/story/weather/2020/01/12/metro-detroit-dry-freezing-rain-overnight/4447756002/,7/6/2026,news,"https://www.google.com/maps/@42.4100396,-83.229017,3a,75y,181.91h,84.49t/data=!3m6!1e1!3m4!1sUiASjsD_ISp6AHc1cnG4zw!2e0!7i16384!8i8192","https://www.freep.com/gcdn/presto/2020/01/11/PDTF/4e8badee-f928-4911-88ff-66787ee4a8bd-01112020_detflooding-5.jpg?crop=2128,1596,x127,y4",,
location_198,US,Maine,Saco,4072,-70.3853585,43.4667209,2018 Flooding,,https://www.centralmaine.com/2018/03/02/maine-coast-braces-for-flooding-as-high-tide-and-powerful-storm-converge/,,,"https://www.google.com/maps/@43.4667209,-70.3853585,3a,36.6y,109.32h,84.36t/data=!3m6!1e1!3m4!1sy6ZAnFNVg88KxOeUQR80Tg!2e0!7i16384!8i8192",,,
location_199,US,Maine,Portland,4102,-70.2824511,43.6556647,2018 Flooding,,https://www.centralmaine.com/media/gallery/heavy-rain-photo-gallery/,,,"https://www.google.com/maps/@43.6556647,-70.2824511,3a,41.6y,6.45h,83.61t/data=!3m6!1e1!3m4!1sQcp3CfY3Cb33Z1P-rF8wRw!2e0!7i16384!8i8192",,,
location_200,US,South Carolina,Charleston,29424,-79.9348418,32.7938246,2017 Flooding,12/1/2017,https://www.postandcourier.com/news/king-tides-and-rain-could-test-charlestons-new-flood-control-valves/article_cdd1e472-6e4c-11e8-b41a-d341a40e46ea.html,7/6/2026,news ,"https://www.google.com/maps/@32.7938246,-79.9348418,3a,75y,195.86h,73.54t/data=!3m6!1e1!3m4!1seYpsNFgDkdhrgOQThw7ONw!2e0!7i16384!8i8192",https://bloximages.newyork1.vip.townnews.com/postandcourier.com/content/tncms/assets/v3/editorial/9/67/967ff918-6e57-11e8-b259-a389691e47c8/5a26aac476691.image.jpg,,
location_201,US,South Carolina,Charleston,29401,-79.9456596,32.777854,2017 Flooding,11/23/2018,https://www.postandcourier.com/news/sc-winds-flood-rain-begin-to-ease-and-head-out-to-sea/article_9aecfd1e-ef37-11e8-bd99-b38e5dac895a.html,7/7/2026,news,"https://www.google.com/maps/@32.777854,-79.9456596,3a,15y,53.43h,88.93t/data=!3m6!1e1!3m4!1s7VIByl_JYbuuStlk2lR2tA!2e0!7i16384!8i8192",https://bloximages.newyork1.vip.townnews.com/postandcourier.com/content/tncms/assets/v3/editorial/7/c1/7c104e46-ef41-11e8-b9d6-8f8702615d5d/5bf832fbc16bf.image.jpg,,
location_202,US,North Carolina,Carolina Beach,28428,-77.8891489,34.0435143,2019 Flooding,12/4/2019,https://portcitydaily.com/local-news/2019/12/04/from-snows-cut-dredging-to-fishermen-with-dynamite-canal-drive-flooding-is-a-man-made-problem/,7/7/2026,news ,"https://www.google.com/maps/@34.0435143,-77.8891489,3a,50.4y,303.15h,80.68t/data=!3m6!1e1!3m4!1sDbxlIotK9KwRSag8yXMf0Q!2e0!7i13312!8i6656",https://d2m9t6p6qpk0cr.cloudfront.net/wp-content/uploads/2018/11/IMG_4433.jpg,,
location_203,US,Virginia,Virginia Beach,23452,-76.1048068,36.8292663,Hurricane Matthew,10/9/2016,https://www.pilotonline.com/news/environment/article_81555636-9112-11e8-80a7-0fde6deeb85b.html,7/15/2026,news,"https://www.google.com/maps/@36.8292663,-76.1048068,3a,75y,53.9h,90t/data=!3m7!1e1!3m5!1sC80BfvaCVRBVT8ZLekIhjw!2e0!6s%2F%2Fgeo0.ggpht.com%2Fcbk%3Fpanoid%3DC80BfvaCVRBVT8ZLekIhjw%26output%3Dthumbnail%26cb_client%3Dmaps_sv.tactile.gps%26thumb%3D2%26w%3D203%26h%3D100%26yaw%3D47.67058%26pitch%3D0%26thumbfov%3D100!7i16384!8i8192",https://www.pilotonline.com/wp-content/uploads/migration/2022/01/08/RL3T7YFXSFGX3DUTCHBR2S5ZHQ.jpg?w=1200,https://www.pilotonline.com/2022/01/08/state-flood-fund-has-sent-millions-to-hampton-roads-but-youngkin-plan-would-cut-it-off/,
location_204,US,Mississippi,Jackson,39211,-90.1085218,32.3820072,Pearl River Flood 2020,2/13/2020,https://www.wlbt.com/2020/02/13/slideshow-pearl-river-flood/,7/7/2026,news ,"https://www.google.com/maps/@32.3820072,-90.1085218,3a,27.5y,19.34h,84.52t/data=!3m6!1e1!3m4!1sI52qkKCRR9X0l40lgKd5sg!2e0!7i13312!8i6656",https://gray-wlbt-prod.gtv-cdn.com/resizer/v2/EB3ZIK7TDVDORJXR2RDZ7ZL7EU.jpg?auth=deff3ee2951bf83c5b17a59a2053c5ad0a4634639dad7b776da0454e8009fb65&width=1600&height=900&smart=true,,
location_205,US,Texas,Houston,77074,-95.497708,29.680179,Hurricane Harvey,8/27/2017,https://www.nytimes.com/2017/08/28/opinion/hurricane-harvey-global-warming.html,7/7/2026,news ,"https://www.google.com/maps/@29.6798791,-95.4976566,3a,15y,14.33h,88.05t/data=!3m6!1e1!3m4!1srNcRWQ5u3m-id1Y7iOvTRA!2e0!7i16384!8i8192",https://static01.nyt.com/images/2017/08/29/opinion/29diffenbaughWeb/29diffenbaughWeb-superJumbo.jpg?quality=75&auto=webp,,
location_206,US,Texas,Spring,77373,-95.410548,30.040159,Hurricane Harvey,8/28/2017,https://www.chron.com/business/article/Flood-of-insurance-claims-to-hit-region-next-12118315.php#photo-14013343,7/7/2026,news ,"https://www.google.com/maps/@30.0403885,-95.409762,3a,33.1y,344.69h,85.61t/data=!3m6!1e1!3m4!1skno2xpH5y1uOpO5NP3DVcQ!2e0!7i16384!8i8192",https://s.hdnux.com/photos/65/35/16/14013343/5/960x0.webp,,
location_207,US,Texas,Houston,77044,-95.198974,29.852567,Hurricane Harvey,8/28/2017,https://www.gettyimages.com/detail/news-photo/people-are-rescued-from-a-flooded-neighborhood-after-it-was-news-photo/840308492,7/7/2026,getty images,"https://www.google.com/maps/@29.8525899,-95.1988153,3a,15.7y,149.2h,86.44t/data=!3m6!1e1!3m4!1sTJtvOVc0Q241FCtCGx99Dw!2e0!7i13312!8i6656",https://media.gettyimages.com/id/840308492/photo/epic-flooding-inundates-houston-after-hurricane-harvey.jpg?s=1024x1024&w=gi&k=20&c=1FYZfE5uev5wpAmy1oAa0xFPf0teDOvjERvDl_SLbaI=,,
location_208,US,Texas,Houston,77079,-95.582918,29.771157,Hurricane Harvey,8/30/2017,https://www.gettyimages.com/detail/news-photo/people-watch-as-water-continues-to-rise-in-their-news-photo/840984386,7/7/2026,getty images,"https://www.google.com/maps/@29.7711888,-95.58295,3a,19.6y,216.51h,86.69t/data=!3m6!1e1!3m4!1sQbcx82xCX8z4LIQigO-yAA!2e0!7i16384!8i8192",https://media.gettyimages.com/id/840984386/photo/epic-flooding-inundates-houston-after-hurricane-harvey.jpg?s=1024x1024&w=gi&k=20&c=5hzqKBN0UfPnxLfq3coEZxJoHUQIqLLfWn0WgK2f5i8=,,
location_209,US,Texas,Houston,77025,-95.418406,29.703214,Hurricane Harvey,8/28/2017,https://houston.eater.com/2017/8/28/16214958/hurricane-harvey-flood-victims-rescue-8th-wonder-brewery,7/7/2026,news,"https://www.google.com/maps/@29.7032302,-95.4184961,3a,37.7y,128.34h,84.57t/data=!3m6!1e1!3m4!1sTZa9pO1pWc3C28q3EnGJcA!2e0!7i16384!8i8192",https://platform.houston.eater.com/wp-content/uploads/sites/20/chorus/uploads/chorus_asset/file/9128145/8th_wonder_brewery_rescue.jpg?quality=90&strip=all&crop=0%2C16.666666666667%2C100%2C66.666666666667&w=1440,,
location_210,US,Texas,Houston,77450,-95.758261,29.71306,Hurricane Harvey,8/29/2017,https://www.alamy.com/houston-texas-usa-29th-august-2017-katy-grande-lakes-residents-ride-image156342486.html,7/7/2026,alamy,"https://www.google.com/maps/@29.7130493,-95.7580131,3a,26.4y,305.35h,83.55t/data=!3m6!1e1!3m4!1stBH69K_-7RdbENFB1y4PJA!2e0!7i13312!8i6656",https://c7.alamy.com/comp/K2A0C6/houston-texas-usa-29th-august-2017-katy-grande-lakes-residents-ride-K2A0C6.jpg,,
location_211,US,Texas,Houston,77407,-95.688774,29.703258,Hurricane Harvey,8/29/2017,https://www.gettyimages.com/detail/news-photo/rescue-volunteers-relax-after-clearing-out-all-the-evacuees-news-photo/840648126,7/7/2026,getty images,"https://www.google.com/maps/@29.7032213,-95.6884438,3a,17.2y,287.47h,87.16t/data=!3m6!1e1!3m4!1s8Pju5DavixluddRQYZPN8A!2e0!7i13312!8i6656",https://media.gettyimages.com/id/840648126/photo/us-weather-storm.jpg?s=1024x1024&w=gi&k=20&c=NBk8i18qwBAgd810wf1uEGVNLC5N138KuLlc9M637cM=,,
location_212,US,Texas,Houston,77407,-95.720145,29.698951,Hurricane Harvey,8/27/2017,https://www.google.com/search?q=hurricane+harvey+houston+stop+sign&rlz=1C1GCEA_enUS921US921&source=lnms&tbm=isch&sa=X&ved=2ahUKEwiis-7HypbzAhV1EVkFHRuuAVEQ_AUoAXoECAEQAw&biw=1536&bih=722&dpr=1.25#imgrc=7GlELOoczg-NVM,7/7/2026,news,"https://www.google.com/maps/@29.6990061,-95.7201547,3a,75y,81.59h,78.75t/data=!3m6!1e1!3m4!1sKzLcP4De_nRXLm94Sce0Qg!2e0!7i13312!8i6656",https://s.hdnux.com/photos/65/35/72/14016141/4/960x0.webp,https://www.chron.com/news/houston-weather/hurricaneharvey/article/hurricane-harvey-water-skiing-flooding-streets-vid-12037688.php,
location_213,US,Texas,Houston,77546,-95.185443,29.537256,Hurricane Harvey,8/29/2017,https://www.flickr.com/photos/coastguardnews/36096195004/in/photostream/,7/7/2026,flickr,"https://www.google.com/maps/@29.5374599,-95.1856668,3a,18y,151.25h,86.7t/data=!3m6!1e1!3m4!1s9puUal5z4Y7_CcueP_N5tA!2e0!7i16384!8i8192",https://live.staticflickr.com/4351/36096195004_8784ce2e2f_h.jpg,,
location_214,US,Texas,Houston,77546,-95.185469,29.537232,Hurricane Harvey,8/29/2017,https://www.flickr.com/photos/coastguardnews/36790576261/in/photostream/,7/7/2026,flickr,"https://www.google.com/maps/@29.5371244,-95.1856314,3a,15.4y,60.92h,87.73t/data=!3m6!1e1!3m4!1sCFMdD4uoVBuCgeoYdYI6Zg!2e0!7i16384!8i8192",https://live.staticflickr.com/4383/36790576261_fa21f098ad_h.jpg,,
location_215,US,Texas,Houston,77479,-95.566354,29.529881,Hurricane Harvey,8/31/2017,https://www.alamy.com/stock-image-houses-in-houston-suburb-flooded-from-hurricane-harvey-2017-164429322.html?pv=1&stamp=2&imageid=81D05A71-50D4-4193-A599-4352384CA0B0&p=547335&n=0&orientation=0&pn=13&searchtype=0&IsFromSearch=1&srch=foo%3dbar%26st%3d0%26pn%3d13%26ps%3d100%26sortby%3d2%26resultview%3dsortbyPopular%26npgs%3d0%26qt%3dhouston%2520texas%2520street%26qt_raw%3dhouston%2520texas%2520street%26lic%3d3%26mr%3d0%26pr%3d0%26ot%3d0%26creative%3d%26ag%3d0%26hc%3d0%26pc%3d%26blackwhite%3d%26cutout%3d%26tbar%3d1%26et%3d0x000000000000000000000%26vp%3d0%26loc%3d0%26imgt%3d0%26dtfr%3d%26dtto%3d%26size%3d0xFF%26archive%3d1%26groupid%3d%26pseudoid%3d%26a%3d%26cdid%3d%26cdsrt%3d%26name%3d%26qn%3d%26apalib%3d%26apalic%3d%26lightbox%3d%26gname%3d%26gtype%3d%26xstx%3d0%26simid%3d%26saveQry%3d%26editorial%3d1%26nu%3d%26t%3d%26edoptin%3d%26customgeoip%3d%26cap%3d1%26cbstore%3d1%26vd%3d0%26lb%3d%26fi%3d2%26edrf%3d%26ispremium%3d1%26flip%3d0%26pl%3d,7/7/2026,alamy,"https://www.google.com/maps/@29.5297117,-95.566403,3a,75y,53.98h,87.73t/data=!3m6!1e1!3m4!1sckVyRqEv8n9B6wsvdFI_HA!2e0!7i13312!8i6656",https://c7.alamy.com/comp/KFEB7P/houses-in-houston-suburb-flooded-from-hurricane-harvey-2017-KFEB7P.jpg,,
location_216,US,Texas,Houston,77025,-95.436765,29.693404,Hurricane Harvey,8/31/2017,https://thesciencesurvey.com/news/2017/12/04/hurricanes-wreak-havoc/#,7/7/2026,news,"https://www.google.com/maps/@29.6934564,-95.4365191,3a,43.6y,281.97h,92.06t/data=!3m6!1e1!3m4!1sw2vzihlR0XXqsavxZqAHYQ!2e0!7i16384!8i8192",https://thesciencesurvey.com/wp-content/uploads/2017/12/Harvey3.png,,
location_217,US,Texas,Houston,77546,-95.162362,29.515051,Hurricane Harvey,8/31/2017,https://www.facebook.com/AnimalPlanet/videos/10155191235298375/,7/7/2026,social media,"https://www.google.com/maps/@29.5151671,-95.1623987,3a,52.2y,207.29h,85.38t/data=!3m6!1e1!3m4!1sfdSTjCMM5W1Rwbn7cShhvA!2e0!7i16384!8i8192",video,,
location_218,US,California,Napa,94559,-122.285394,38.302178,,12/1/2005,https://www.univision.com/local/san-francisco-kdtv/alertan-por-posible-desbordamiento-del-rio-napa,7/7/2026,news,"https://www.google.com/maps/@38.3019652,-122.2853183,3a,15.1y,8.35h,86.61t/data=!3m6!1e1!3m4!1s_jBlbCzZXP9JzIFv_jhgqQ!2e0!7i13312!8i6656",https://www.univision.com/_next/image?url=https%3A%2F%2Fst1.uvnimg.com%2F60%2F7c%2Ff801f27e46718f4e95cbae73dd33%2Fnapa-river.jpg&w=1024&q=75,,
location_219,US,Florida,Doral,33166,-80.325836,25.824432,,5/27/2020,https://twitter.com/Harold_T51/status/1265752459449950210/photo/1,7/7/2026,social media,"https://www.google.com/maps/@25.8244066,-80.3261195,3a,17.6y,76.63h,87.61t/data=!3m6!1e1!3m4!1s-26fSn_A8EzxWx_qfkhNQg!2e0!7i16384!8i8192",https://pbs.twimg.com/media/EZDbJg5X0AA3f0I?format=jpg&name=large,,
location_220,US,Delaware,Fenwick Island,19944,-75.054245,38.463417,,9/29/2021,https://www.youtube.com/watch?v=dPb_wAVPTzU,7/7/2026,youtube,"https://www.google.com/maps/@38.4634061,-75.0539945,3a,16.3y,284.25h,85.42t/data=!3m6!1e1!3m4!1siksiewIQmQfzxQOvIfWV8Q!2e0!7i16384!8i8192",video,,
location_221,US,Washington,Ferndale,98248,-122.586455,48.844629,2021 Pacific Northwest Flood,11/16/2021,https://www.theatlantic.com/photo/2021/11/photos-record-rainfall-floods-british-columbia-and-washington-state/620733/,7/7/2026,news,"https://www.google.com/maps/@48.8444964,-122.5863674,3a,15y,65.36h,86.94t/data=!3m6!1e1!3m4!1sLCYt7NeuP1gS92M2xBeQ_w!2e0!7i16384!8i8192",https://cdn.theatlantic.com/thumbor/jxkZAKnitVZ0OwCf8yitSMHKTeI=/1200x800/media/img/photo/2021/11/bc-flooding/a06_AP21321004522265/original.jpg,,
location_222,US,Washington,Ferndale,98248,-122.586509,48.844652,2021 Pacific Northwest Flood,11/17/2021,https://www.theatlantic.com/photo/2021/11/photos-record-rainfall-floods-british-columbia-and-washington-state/620733/,7/7/2026,news,"https://www.google.com/maps/@48.8444964,-122.5863674,3a,21.6y,349.62h,87.49t/data=!3m6!1e1!3m4!1sLCYt7NeuP1gS92M2xBeQ_w!2e0!7i16384!8i8192",https://cdn.theatlantic.com/thumbor/jxkZAKnitVZ0OwCf8yitSMHKTeI=/1200x800/media/img/photo/2021/11/bc-flooding/a06_AP21321004522265/original.jpg,,
location_223,US,Iowa,Cedar Rapids,52404,-91.657588,41.960813,,6/14/2008,https://www.hln.be/buitenland/drama-in-iowa-water-bereikt-nu-ook-des-moines~ac84cc3b/?referrer=https://www.google.com/,7/7/2026,news,"https://www.google.com/maps/@41.9608185,-91.6576264,3a,75y,147.99h,85.53t/data=!3m6!1e1!3m4!1sOPdpSTW6hA3ZDoOAcZtrfw!2e0!7i16384!8i8192",https://images.hln.be/OGQyZTQwOTM5YmM3NWFkY2I5ODAvZGlvLzU3MjcyNjk4L2ZpbGwvNTEyLzM0MQ,,
location_224,US,Wisconsin,Prairie du Chien,53821,-91.148703,43.056251,,,https://www.telegraphherald.com/news/tri-state/article_832c1331-3770-5757-bbc4-837228fafc15.html,,,"https://www.google.com/maps/@43.056151,-91.1487489,3a,75y,357.83h,77.63t/data=!3m6!1e1!3m4!1sMBddhrIZScR_NYEF_Af69Q!2e0!7i13312!8i6656",,,
location_225,US,Missouri,St. Louis,63102,-90.182278,38.629203,,6/11/2008,https://www.alamy.com/the-rising-waters-of-the-mississippi-river-cover-the-intersection-of-washington-and-leonor-k-sullivan-boulevard-next-to-the-eads-bridge-in-st-louis-missouri-wednesday-june-11-2008-the-water-is-expected-to-rise-several-more-feet-by-this-weekend-photo-by-jb-forbesst-louis-post-dispatchmctsipa-usa-image413806269.html,7/7/2026,alamy,"https://www.google.com/maps/@38.6291404,-90.1824521,3a,70.2y,132.73h,85.56t/data=!3m6!1e1!3m4!1sGur8oC_TQL2q4Ct2_eivYg!2e0!7i13312!8i6656",https://c7.alamy.com/comp/2F16E39/the-rising-waters-of-the-mississippi-river-cover-the-intersection-of-washington-and-leonor-k-sullivan-boulevard-next-to-the-eads-bridge-in-st-louis-missouri-wednesday-june-11-2008-the-water-is-expected-to-rise-several-more-feet-by-this-weekend-photo-by-jb-forbesst-louis-post-dispatchmctsipa-usa-2F16E39.jpg,,
location_226,US,Missouri,Cape Girardeau,63701,-89.513395,37.317889,,4/30/2011,https://www.alamy.com/stock-photo-the-intersection-of-water-street-and-fourth-street-is-submerged-in-36815209.html,7/7/2026,alamy,"https://www.google.com/maps/@37.3180029,-89.5136085,3a,20.7y,137.46h,84.27t/data=!3m6!1e1!3m4!1sXPkHR3iI5piMim_sD6UBsw!2e0!7i13312!8i6656",https://c7.alamy.com/comp/C3W24W/the-intersection-of-water-street-and-fourth-street-is-submerged-in-C3W24W.jpg,,
location_227,US,Florida,St. Petersburg,33703,-82.60956,27.825621,Hurricane Elsa,7/7/2021,https://www.tampabay.com/hurricane/2021/07/07/live-updates-morning-after-elsa-in-tampa-bay/?outputType=amp,7/7/2026,news,"https://www.google.com/maps/@27.8256473,-82.6097598,3a,43.2y,118.16h,86.74t/data=!3m6!1e1!3m4!1sIbzBqudfyj6WPShk8_h9IQ!2e0!7i16384!8i8192",https://www.tampabay.com/resizer/v2/the-intersection-of-pennsylvania-avenue-7CHXHIQDGNEAZOQ7K54HCBQSTQ.JPG?auth=fffa2d0d819ffd1dc5a2e7c22256c0c08bdbe189ccc5cbf72e74055c3e8950e3,,
location_228,US,Florida,North port,34291,-82.20833,27.103213,Hurricane Elsa,7/8/2021,https://www.mysuncoast.com/2021/07/08/flooding-north-port-may-prompt-evacuations/,7/7/2026,news,"https://www.google.com/maps/@27.1038890,-82.2079747,3a,35.960823y,315.719086h,87.055458t/data=!3m4!1e1!3m2!1spDbkg8dN2xHkJ2UcG_u40A!2e0?shorturl=1",https://gray-wwsb-prod.gtv-cdn.com/resizer/v2/GQ4TZDPI65CIBD7RAT6SUSTLXM.png?auth=8552e7e45914f3341d0f1670c04a39025e3ed54320df56b2868a997f5ec40d12&width=1600&height=900&smart=true,,
location_229,US,Michigan,Detroit,48228,-83.171459,42.356322,Hurricane Elsa,7/2/2021,https://www.michiganradio.org/weather/2021-07-02/still-lots-of-debris-to-be-picked-up-in-metro-detroit-in-the-wake-of-flooding,7/7/2026,news,"https://www.google.com/maps/@42.3565353,-83.1714449,3a,19.5y,190.01h,87.44t/data=!3m6!1e1!3m4!1sbvZg2VODWrJpOP2z3pRveg!2e0!7i16384!8i8192",https://npr.brightspotcdn.com/dims4/default/0a673f6/2147483647/strip/true/crop/960x720+0+0/resize/1760x1320!/format/webp/quality/90/?url=http%3A%2F%2Fnpr-brightspot.s3.amazonaws.com%2Flegacy%2Fsites%2Fmichigan%2Ffiles%2F202106%2Fdan_austin_flood_4.jpg,,
location_230,US,Rhode Island,Bristol,2809,-71.278217,41.676786,Rain from IDa,9/2/2021,https://www.providencejournal.com/story/news/local/2021/09/02/ida-bring-3-5-inches-rain-numerous-roads-flooded-warning-extended/5692765001/,7/7/2026,news,"https://www.google.com/maps/@41.6766736,-71.2782239,3a,15.1y,293.36h,86.07t/data=!3m6!1e1!3m4!1sKwrYFeudkQhjH2AtDRpwyA!2e0!7i16384!8i8192",https://www.providencejournal.com/gcdn/presto/2021/09/02/NPRJ/c5381c98-c70f-483c-9591-94d13b02ad09-IMG_0836.jpeg?width=1320&height=990&fit=crop&format=pjpg&auto=webp,,
location_231,US,New Jersey,Bridgewater Township,8807,-74.66735,40.555117,Hurricane IDA,9/2/2021,https://patch.com/new-jersey/bridgewater/historic-flooding-bridgewater-highway-closed-idas-aftermath,7/8/2026,news,"https://www.google.com/maps/@40.5550821,-74.6674272,3a,27.4y,19.32h,84.04t/data=!3m6!1e1!3m4!1sZOHFtK11Cu2GmD5Ycc0TVg!2e0!7i16384!8i8192",https://patch.com/img/cdn20/users/22871539/20210902/095651/styles/patch_image/public/img-2780___02095643433.jpg,,
location_232,US,Washington,Bellingham,98225,-122.500249,48.766095,,11/15/2021,https://twitter.com/Quicktake/status/1460403569232863237,7/8/2026,social media,"https://www.google.com/maps/@48.7659621,-122.5001686,3a,48.9y,345.59h,87.97t/data=!3m6!1e1!3m4!1s3TQJqPjKA-k3lixqmaLUUg!2e0!7i16384!8i8192",video,,
location_233,US,New Jersey,Hackensack,7601,-74.056042,40.875858,,9/25/2018,https://www.wral.com/flash-flooding-ensnares-new-jersey-and-new-york-city-commuters/17873250/,7/8/2026,news,"https://www.google.com/maps/@40.875908,-74.0559542,3a,24.6y,228.18h,86.35t/data=!3m6!1e1!3m4!1sI0haJ1uV21hqk9rdJETyJQ!2e0!7i16384!8i8192",https://wwwcache.wral.com/asset/news/national_world/national/2018/09/25/17873251/5baaa62d3cf8c-74cf5d17-bc59-416b-8689-13bd8e8cbd08-DMID1-5g928ydin-640x360.jpg,,
location_234,US,Iowa,Davenport,52801,-90.571171,41.520406,,4/30/2019,https://www.wqad.com/article/features/producers-picks/flooded-downtown-davenport-photos-of-the-2019-barrier-breach/526-341db185-7ec5-4b06-bc3d-d986b5861e88,7/8/2026,news,"https://www.google.com/maps/@41.5205396,-90.5711896,3a,36.9y,190.69h,88.34t/data=!3m6!1e1!3m4!1shas6DlCqf1_FAaCjgVEnSA!2e0!7i16384!8i8192",https://media.tegna-media.com/assets/WQAD/images/ecb73835-3315-4f17-973a-f748f1d41108/ecb73835-3315-4f17-973a-f748f1d41108_1920x1080.jpg,,
location_235,US,Rhode Island,Bristol,2809,-71.27852,41.676727,,9/2/2021,https://www.providencejournal.com/story/news/local/2021/09/02/ida-bring-3-5-inches-rain-numerous-roads-flooded-warning-extended/5692765001/,7/8/2026,news,"https://www.google.com/maps/@41.6766554,-71.2783443,3a,75y,281.48h,77.63t/data=!3m6!1e1!3m4!1sVKth14vrec54IFmWxfd4UQ!2e0!7i16384!8i8192",https://encrypted-tbn0.gstatic.com/images?q=tbn:ANd9GcTUzfXQGGqqcELTJbHYE6xtDkthVoGwmDzZcLGwHJklyasPQsx8,,
location_236,US,Texas,Rockport,78382,-97.056,28.01229,,9/15/2018,https://www.gannett-cdn.com/presto/2018/09/15/PCCT/dc6dd406-6d69-4d44-b365-865fbed45f3e-10101010101_flooding_02.jpg,7/8/2026,news,"https://www.google.com/maps/@28.0123243,-97.0561705,3a,43.7y,129.6h,83.45t/data=!3m6!1e1!3m4!1sLZBGxGpyU6QH3PkwNU3Zcw!2e0!7i13312!8i6656",https://www.caller.com/gcdn/presto/2018/09/15/PCCT/dc6dd406-6d69-4d44-b365-865fbed45f3e-10101010101_flooding_02.jpg?width=660&height=440&fit=crop&format=pjpg&auto=webp,https://www.caller.com/story/news/local/2018/09/16/state-highway-35-traffic-near-rockport-shift-because-flooding/1332248002/,
location_237,US,Arkansas,Fort Smith,72903,-94.315339,35.353258,,5/29/2019,https://www.arkansasonline.com/news/2019/may/29/fort-smith-crest-revised-a-bit-20190529/,7/8/2026,news,"https://www.google.com/maps/@35.3532232,-94.3153483,3a,75y,17.04h,76.34t/data=!3m7!1e1!3m5!1sAF1QipOECGFYH50cGfhePz7EMoM-h9HsT7uCNVPVNeXe!2e10!3e11!7i7680!8i3840",https://wehco.media.clients.ellingtoncms.com/img/photos/2019/05/28/resized_250499-5a-ft-smith2-0529_36-26477_t800.JPG?90232451fbcadccc64a17de7521d859a8f88077d,https://www.nwaonline.com/news/2019/may/29/fort-smith-crest-revised-a-bit-20190529/,
location_238,US,Maryland,College Park,20740,-76.942228,38.979744,,9/28/2020,https://dbknews.com/2020/09/28/flooding-rainwater-college-park-history/,7/8/2026,news,"https://www.google.com/maps/@38.9797417,-76.9421976,3a,75y,278.67h,78.52t/data=!3m6!1e1!3m4!1sGBxOYBf5jMto9Zojnrs5Ng!2e0!7i16384!8i8192",https://dbknews.com/wp-content/uploads/2020/09/091020_0910.TerrapinRowFlooding_jr-14-1.jpg,,
location_239,US,Connecticut,Meriden,6450,-72.796641,41.539357,,,https://www.myrecordjournal.com/getattachment/c98fa28e-274b-4c03-b5cf-0f114bfa8d16/RegWeather-RJ-092618-ph04,,,"https://www.google.com/maps/@41.5395569,-72.7968376,3a,39.4y,148.19h,92.27t/data=!3m6!1e1!3m4!1sJQEaew_LxZ0AmbVs-X75fQ!2e0!7i13312!8i6656",,,
location_240,US,Missouri,Cape Girardeau,63701,-89.514727,37.315967,,4/25/2013,https://i.ytimg.com/vi/GMEkseIKlEo/maxresdefault.jpg,7/8/2026,news,"https://www.google.com/maps/@37.3160103,-89.5146743,3a,51.8y,209.25h,81.9t/data=!3m6!1e1!3m4!1sg2FWuJqY-lTaE68RBOT4KA!2e0!7i13312!8i6656",https://i.ytimg.com/vi/GMEkseIKlEo/maxresdefault.jpg,,
location_241,US,Colorado,Boulder,80304,-105.285539,40.026836,,7/25/2021,https://www.denverpost.com/2021/07/25/rainstorm-causes-street-flooding-in-boulder/,7/8/2026,news,"https://www.google.com/maps/@40.0268023,-105.2855254,3a,63.8y,173.22h,83.07t/data=!3m7!1e1!3m5!1sBDaIx4zHQBMVU8hKuruvFg!2e0!5s20180501T000000!7i16384!8i8192",https://www.denverpost.com/wp-content/uploads/2021/07/flooding.jpg?w=1395,,
location_242,US,Missouri,Platte City,64079,-94.79206,39.37741,,5/15/2007,https://www.gettyimages.ca/detail/photo/flood-waters-royalty-free-image/172159199?adppopup=true,7/8/2026,getty images,"https://www.google.com/maps/@39.377331,-94.7921931,3a,40.2y,54.84h,83.55t/data=!3m7!1e1!3m5!1supPQQ4tQu7ME2jUanMcVLQ!2e0!5s20130701T000000!7i13312!8i6656",https://media.gettyimages.com/id/172159199/photo/flood-waters.jpg?s=2048x2048&w=gi&k=20&c=yP8fT8S4VpZTDWq4uu8p6X10gtctT4kqp3lqMYbFTog=,,
location_243,US,California,Guerneville,95446,-123.000322,38.503416,,2/27/2019,https://www.pressdemocrat.com/article/news/businesses-impacted-by-russian-river-flooding-in-sonoma-county/?artslide=14,7/8/2026,news,"https://www.google.com/maps/@38.503352,-123.0003413,3a,75y,230.37h,84.49t/data=!3m6!1e1!3m4!1sKOPYdc_DUrc5n7vukqRViQ!2e0!7i16384!8i8192",https://www.pressdemocrat.com/wp-content/uploads/migration/2019/02/DFEDAE57-8682-4640-9A87-C9ABAFC71652.jpg?w=1200,https://www.pressdemocrat.com/2019/02/27/guerneville-homes-flooded-cars-submerged-in-worst-flooding-since-1997/,
location_244,US,Kentucky,Louisville,40202,-85.759443,38.258727,,2/15/2020,https://www.pinterest.com/pin/250583166736790394/,7/8/2026,pintrest,"https://www.google.com/maps/@38.2586536,-85.7594994,3a,90y,33.52h,82.71t/data=!3m6!1e1!3m4!1sjgVEyrOpdQ15rMxgc5HsrQ!2e0!7i16384!8i8192",https://i.pinimg.com/1200x/dc/82/fa/dc82fab4067aeffc12391fb8109d4bca.jpg,,
location_245,US,Florida,Boynton Beach,33435,-80.07373043,26.50511511,,11/10/2020,https://cw34.com/news/local/flooding-plagues-local-neighborhood,7/8/2026,news,"https://www.google.com/maps/@40.3258244,-75.5833951,3a,33.4y,244.5h,83.11t/data=!3m6!1e1!3m4!1s9zCbHs4Vdgm0QpX8baMImg!2e0!7i16384!8i8192",video,,
location_246,US,New Jersey,Bridgewater,8807,-74.65286849,40.55965436,,9/16/2021,https://www.njconservation.org/warm-air-more-rain-and-more-floods-the-new-normal/,7/8/2026,news,"https://earth.google.com/web/search/Oak+St,+Bridgewater,+New+Jersey/@40.55965436,-74.65286849,17.56130219a,0d,33.27851646y,194.19002481h,81.56488001t,0r/data=CooBGmASWgolMHg4OWMzZWIzMWJmYjAyOWRkOjB4NGNmYzE0ZTA0OTVlY2Y1NRk3v2GiQUhEQCF3pcBd0alSwCofT2FrIFN0LCBCcmlkZ2V3YXRlciwgTmV3IEplcnNleRgBIAEiJgokCXyNJi_PR0RAEQ7IVfhXR0RAGUM3QGp5qVLAIe9nIiEaqlLAIhoKFllHMlFhTl9KYTVjYWthamNQR3hTRncQAg",https://www.njconservation.org/wp-content/uploads/2021/09/Flooding-in-Bridgewater-from-Ida-Facebook-1024x353.png,,
location_247,US,Iowa,Davenport,52801,-90.571171,41.520406,,4/30/2019,https://www.wqad.com/article/features/producers-picks/flooded-downtown-davenport-photos-of-the-2019-barrier-breach/526-341db185-7ec5-4b06-bc3d-d986b5861e88,7/8/2026,news,"https://www.google.com/maps/@41.5205396,-90.5711896,3a,36.9y,190.69h,88.34t/data=!3m6!1e1!3m4!1shas6DlCqf1_FAaCjgVEnSA!2e0!7i16384!8i8192",https://media.tegna-media.com/assets/WQAD/images/051d6c74-58ea-4396-8c4d-a3fd12c9ff9e/051d6c74-58ea-4396-8c4d-a3fd12c9ff9e_1920x1080.jpg,,
location_248,US,California,Guerneville,95446,-123.000322,38.503416,,,https://www.pressdemocrat.com/article/news/businesses-impacted-by-russian-river-flooding-in-sonoma-county/?artslide=14,,,"https://www.google.com/maps/@38.503352,-123.0003413,3a,75y,230.37h,84.49t/data=!3m6!1e1!3m4!1sKOPYdc_DUrc5n7vukqRViQ!2e0!7i16384!8i8192",,,"https://www.google.com/maps/@38.4049614,-122.8218823,3a,30.2y,0.22h,87.21t/data=!3m6!1e1!3m4!1sGoMkbxRed9C1KOeDv0ENHQ!2e0!7i16384!8i8192?entry=ttu"
location_249,US,California,Monte Rio,95462,-123.010005,38.468961,,2/28/2019,https://www.pressdemocrat.com/article/news/businesses-impacted-by-russian-river-flooding-in-sonoma-county/?artslide=1,7/8/2026,news,"https://www.google.com/maps/@38.467709,-123.0110576,3a,18.5y,84.93h,89.19t/data=!3m6!1e1!3m4!1szT4iCBNCPx8_Xem3JLC2cw!2e0!7i16384!8i8192?entry=ttu",https://www.sonomanews.com/wp-content/uploads/migration/2019/03/208423BA-7923-4359-881E-C99A9BA4F702.jpg?w=1200,https://www.sonomanews.com/2019/03/04/businesses-impacted-by-russian-river-flooding-in-sonoma-county/,
location_250,US,Florida,Orlando,32804,-81.3885422,28.5580191,Hurricane Ian,9/29/2022,https://www.orlandosentinel.com/weather/hurricane/os-hurricane-ian-live-updates-20220929-43vyddd3xfccnbkvcvnzj22cri-story.html,7/8/2026,news,"https://www.google.com/maps/@28.5580191,-81.3885422,3a,16.3y,133.44h,89.2t/data=!3m6!1e1!3m4!1sfnHUpaL-jcbEMlDdxppmUA!2e0!7i16384!8i8192",https://www.orlandosentinel.com/wp-content/uploads/migration/2022/09/30/4SKH5SE7PJGYXNMN3CZPG6ESSM.jpg?w=1200,,
location_251,US,Florida,Fort Myers,33901,-81.8706596,26.643741,Hurricane Ian,9/28/2022,https://www.nationalreview.com/photos/hurricane-ian/,7/8/2026,news,1500 Broadway Cir - Google Maps,https://i0.wp.com/www.nationalreview.com/wp-content/uploads/2022/09/hurricane-ian-092822-32.jpg?fit=1481%2C864&ssl=1,,The is the 85th image in the link
location_252,US,Virginia,Norfolk,23508,-76.304171,36.896899,Hurricane Ian,10/3/2022,https://www.dailypress.com/news/education/vp-nw-norfolk-schools-weather-20221003-qftywl5nbrgzhmksulcudtl3su-story.html,7/8/2026,news,"https://www.google.com/maps/@36.8968293,-76.3042699,3a,15y,50.77h,86.47t/am=t/data=!3m6!1e1!3m4!1sOzwoHa40Q9iWktFwc6zSyg!2e0!7i13312!8i6656!5m1!1e4",https://www.dailypress.com/wp-content/uploads/migration/2022/10/03/QSUA4MM7KNCKXBVBXR7KXV5XSQ.jpg?w=1200,,
location_253,US,Florida,Geneva,32732,-81.08109,28.7362,Hurricane Ian,10/6/2022,https://media.11alive.com/assets/CCT/images/aa4d64e6-75e8-4fb5-b339-1d4fd4bb5d2e/aa4d64e6-75e8-4fb5-b339-1d4fd4bb5d2e_1140x641.jpg,7/8/2026,news,"https://www.google.com/maps/@28.7361887,-81.0811672,3a,75y,69.32h,81.67t/data=!3m6!1e1!3m4!1sPV6eBGUBgZdmFp5BbxybgA!2e0!7i13312!8i6656",https://www.vmcdn.ca/f/files/shared/feeds/cp/2022/10/20221006161032-633f3c2a821cf083b8159edejpeg.jpg;w=650,https://www.delta-optimist.com/world-news/ian-evacuees-return-to-mud-rubble-as-death-toll-hits-101-5923138,
location_254,US,Florida,Fort Myers,33916,-81.8584,26.64797,Hurricane Ian,9/29/2022,"https://res.cloudinary.com/graham-media-group/image/upload/f_auto/q_auto/c_scale,w_900/v1/media/gmg/EMN7J5SVQ5D7DBLXU5VPTMIIXU.jpg?_a=AJE+xWI0",7/8/2026,news,"https://www.google.com/maps/@26.6479665,-81.8584238,3a,73.8y,347.47h,90.42t/data=!3m9!1e1!3m7!1seBXl4T5c3B8srsdk6Kzxxg!2e0!7i13312!8i6656!9m2!1b1!2i24","https://res.cloudinary.com/graham-media-group/image/upload/f_auto/q_auto/c_scale,w_900/v1/media/gmg/EMN7J5SVQ5D7DBLXU5VPTMIIXU.jpg?_a=DAJHqpDbZAAA",https://www.clickondetroit.com/news/national/2022/09/29/live-updates-hurricane-ian/,
location_255,US,Florida, North Port,34291,-82.209285,27.094389,Hurricane Ian,10/3/2022,Sarasota County schools will remain closed after Hurricane Ian until safety can be ensured | WUSF Public Media,,,"https://www.google.com/maps/@27.0942603,-82.2093385,3a,45y,27.59h,93.17t/data=!3m6!1e1!3m4!1sY5AAVjgX82ddDCEBq2tL3g!2e0!7i16384!8i8192",https://npr.brightspotcdn.com/dims4/default/688059b/2147483647/strip/true/crop/4032x3024+0+0/resize/1760x1320!/format/webp/quality/90/?url=http%3A%2F%2Fnpr-brightspot.s3.amazonaws.com%2Fea%2Fa2%2Faef47f5e489ba9b9191042f97fb6%2Fnorth-port-flood.jpg,https://www.wusf.org/education/2022-10-03/sarasota-county-schools-will-remain-closed-after-hurricane-ian-until-safety-can-be-ensured,
location_256,US,Florida,Orlando,32814,-81.31143,28.57059,Hurricane Ian,9/29/2022,https://gray-wctv-prod.cdn.arcpublishing.com/resizer/NPGJxhYcMCZ9QkTekAKNcA93uRk=/1200x675/smart/filters:quality(85)/cloudfront-us-east-1.images.arcpublishing.com/gray/7IG4KA64RNFOZHPSDXSFHY5NP4.jpg,7/8/2026,news,"https://www.google.com/maps/@28.5707322,-81.3113719,3a,57.9y,209.54h,88.68t/data=!3m9!1e1!3m7!1sAjzNxNbTpxkppIOFlHPFzQ!2e0!7i16384!8i8192!9m2!1b1!2i24",video,https://news.wttw.com/2022/09/29/people-trapped-27m-without-power-ian-drenches-florida,
location_257,US,Southy carolina,Charlestone,29403,-79.952416,32.791202,Hurricane Ian,9/30/2022,https://www.postandcourier.com/multimedia/photos-tides-wind-and-rain-from-hurricane-ian-lash-charleston-and-south-carolina-coast/collection_eb39a484-4285-11ed-8575-9fddf6f07c09.html#1,7/8/2026,news,"https://www.google.com/maps/@32.7911742,-79.9525185,3a,32.2y,87.18h,86.42t/data=!3m6!1e1!3m4!1sQqUD3uVyKiCnEyRQv29Pbg!2e0!7i16384!8i8192",https://bloximages.newyork1.vip.townnews.com/postandcourier.com/content/tncms/assets/v3/editorial/e/47/e4734cb8-848d-11ee-ac10-7ff776eb47d8/6337667a3da7b.image.jpg,https://www.postandcourier.com/rising-waters/charleston-flood-research-model-sea-levels/article_3b5ae958-7ccf-11ee-9faf-233ba8372168.html,
location_258,US,Florida,Sanford,32771,-81.264949,28.813601,Hurricane Ian,10/9/2022,https://www.shutterstock.com/editorial/image-editorial/street-seen-flooded-sanford-riverwalk-st-john%27s-13452732d,7/8/2026,shutter stock,"https://www.google.com/maps/@28.8134285,-81.2649571,3a,53.4y,24.62h,88.82t/data=!3m6!1e1!3m4!1ssBG_MlSvu05aJoqHJK883w!2e0!7i16384!8i8192",https://www.shutterstock.com/editorial/image-editorial/MbTeM01eN6zfAe3fMTc2ODE=/street-seen-flooded-sanford-riverwalk-st-john's-1500w-13452732d.jpg,,
location_259,US,Florida,Fort Myers,33901,-81.8706596,26.643741,Hurricane Ian,9/29/2022,https://www.nationalreview.com/photos/hurricane-ian/,7/8/2026,news,1500 Broadway Cir - Google Maps,https://i0.wp.com/www.nationalreview.com/wp-content/uploads/2022/09/hurricane-ian-092822-32.jpg?fit=1481%2C864&ssl=1,,
location_260,US,Florida,Fort Myers,33901,-81.8706596,26.643741,Hurricane Ian,9/29/2022,https://www.nationalreview.com/photos/hurricane-ian/,7/8/2026,news,1500 Broadway Cir - Google Maps,https://static01.nyt.com/images/2022/09/29/multimedia/29ian-damage-claims1-1-337b/29ian-damage-claims1-1-337b-superJumbo.jpg?quality=75&auto=webp,https://www.nytimes.com/2022/09/29/business/hurricane-ian-damage-risk.html,
